date,category,description,amount
2026-01-02,Маркетинг,Дизайн баннеров,95905.85
2026-04-10,Маркетинг,Таргет ВКонтакте,98915.24
2026-05-01,IT,Техподдержка,57199.17
2026-05-27,Зарплаты,Оклад — дизайнер,141051.43
2026-01-24,Офис,Обеды для команды,4154.04
2026-06-19,Закупка товара,Закупка — расходники упаковка,117393.44
2026-06-26,IT,Техподдержка,74881.54
2026-06-21,Офис,Мебель,6440.22
2026-05-18,IT,Разработка сайта,63496.86
2026-03-02,Закупка товара,Закупка — поставщик Китай,204388.78
2026-04-20,Зарплаты,Подработка — сезон,136473.35
2026-05-31,IT,Техподдержка,78434.11
2026-03-17,Маркетинг,Email-рассылка,17336.65
2026-01-30,Зарплаты,Больничный,135966.59
2026-01-14,Зарплаты,Оклад — бухгалтер,89449.0
2026-05-18,Зарплаты,Оклад — маркетолог,79523.67
2026-03-12,Логистика,Возврат товара — доставка,7399.98
2026-02-13,Аренда,Аренда шоурума,127454.73
2026-02-17,Маркетинг,Яндекс.Директ,125298.02
2026-05-11,Зарплаты,Больничный,92980.99
2026-01-25,IT,Техподдержка,37048.96
2026-02-14,Маркетинг,Контент для соцсетей,88098.86
2026-04-27,IT,1С — обслуживание,72089.92
2026-02-19,Маркетинг,Реклама Telegram,145880.4
2026-01-08,IT,Антивирус — лицензия,77815.06
2026-06-26,Аренда,Аренда шоурума,180651.72
2026-05-08,Закупка товара,Закупка — допартия,219808.69
2026-05-01,IT,Домен — продление,25104.33
2026-04-19,IT,Телефония,36526.92
2026-06-26,Офис,Ремонт офиса,19584.76
2026-01-15,Офис,Мебель,10309.86
2026-03-09,Аренда,Аренда шоурума,128534.3
2026-06-30,Логистика,Экспресс-доставка,33715.97
2026-05-18,IT,Техподдержка,56959.96
2026-06-13,Логистика,Возврат товара — доставка,13691.55
2026-04-15,Офис,Мебель,10749.11
2026-01-08,Офис,Вода и кофе,1435.74
2026-01-09,Зарплаты,Премия квартальная,37238.03
2026-02-11,Логистика,Доставка СДЭК,38473.69
2026-04-16,IT,Телефония,41896.07
2026-03-11,Зарплаты,Больничный,29591.98
2026-02-18,IT,Домен — продление,20643.85
2026-02-11,Логистика,Международная доставка,30371.37
2026-02-25,IT,Техподдержка,53180.81
2026-04-01,Логистика,Доставка СДЭК,4059.86
2026-05-22,Зарплаты,Премия квартальная,113123.03
2026-04-11,Закупка товара,Закупка — расходники упаковка,158793.6
2026-01-23,Офис,Уборка офиса,13928.39
2026-06-28,Закупка товара,Закупка — сезонная коллекция,37056.08
2026-06-13,Офис,Вода и кофе,6706.16
2026-05-07,Закупка товара,Закупка — образцы,187699.15
2026-03-03,Зарплаты,Оклад — дизайнер,144838.41
2026-05-01,Закупка товара,Таможенные сборы,34579.84
2026-03-10,IT,1С — обслуживание,41097.3
2026-03-02,Закупка товара,Закупка — допартия,192861.77
2026-02-13,Аренда,Коммунальные услуги офис,85545.78
2026-03-28,Закупка товара,Закупка — допартия,145906.68
2026-05-26,Логистика,Экспресс-доставка,12882.73
2026-03-17,Офис,Новогодний корпоратив,12031.78
2026-04-16,Маркетинг,Промо-акция,22025.39
2026-03-25,Аренда,Парковка,174423.49
2026-01-03,Офис,Уборка офиса,8175.11
2026-03-19,Закупка товара,Закупка — поставщик РФ,221381.12
2026-04-19,IT,Хостинг сайта,77011.14
2026-06-28,Офис,Уборка офиса,3372.28
2026-03-10,Аренда,Парковка,72388.36
2026-04-12,Офис,Вода и кофе,9015.68
2026-04-25,Офис,Уборка офиса,630.44
2026-06-13,Маркетинг,Реклама Telegram,44860.1
2026-04-10,Закупка товара,Закупка — образцы,7192.12
2026-01-09,Зарплаты,Оклад — курьер,25030.32
2026-01-15,IT,Разработка сайта,18964.3
2026-03-19,Логистика,Транспортировка со склада,26033.56
2026-02-24,Аренда,Аренда офиса,217237.64
2026-03-12,Офис,Уборка офиса,21668.66
2026-01-29,Маркетинг,Блогер — интеграция,29895.11
2026-03-01,Закупка товара,Сертификация товара,296351.04
2026-06-08,Маркетинг,SEO-продвижение,125571.19
2026-01-17,IT,Хостинг сайта,4785.38
2026-02-22,Маркетинг,Реклама Telegram,129332.99
2026-06-29,IT,Домен — продление,17240.79
2026-03-27,Аренда,Коммунальные услуги офис,156654.0
2026-01-21,Маркетинг,Реклама Telegram,96452.22
2026-03-02,Закупка товара,Закупка — сезонная коллекция,324388.52
2026-01-15,Закупка товара,Закупка — допартия,258837.47
2026-05-26,Логистика,Экспресс-доставка,35027.85
2026-06-17,Зарплаты,Оклад — курьер,62817.59
2026-02-11,Зарплаты,Оклад — маркетолог,69979.06
2026-01-11,Логистика,Курьерская служба,34962.98
2026-04-13,Офис,Обеды для команды,9838.31
2026-02-20,Логистика,Возврат товара — доставка,20952.69
2026-02-20,IT,CRM — подписка,38992.88
2026-06-06,Зарплаты,Оклад — маркетолог,130846.58
2026-04-10,Закупка товара,Закупка — расходники упаковка,173919.95
2026-01-03,Логистика,Доставка СДЭК,10701.43
2026-02-02,Офис,Новогодний корпоратив,20274.54
2026-05-19,Логистика,Международная доставка,9524.91
2026-04-03,IT,Хостинг сайта,68327.65
2026-06-22,Маркетинг,Email-рассылка,118721.53
2026-01-22,Маркетинг,Дизайн баннеров,25086.7
2026-03-05,IT,Разработка сайта,15669.42
2026-06-03,Маркетинг,Яндекс.Директ,32620.17
2026-05-11,IT,CRM — подписка,8922.01
2026-05-22,Маркетинг,Промо-акция,36119.32
2026-01-01,IT,Хостинг сайта,29841.82
2026-01-20,Зарплаты,Оклад — кладовщик,126771.49
2026-01-22,Зарплаты,Оклад — маркетолог,166063.23
2026-05-20,IT,Домен — продление,38514.87
2026-03-31,Маркетинг,Реклама Telegram,16817.06
2026-03-29,Закупка товара,Сертификация товара,112727.08
2026-05-25,Офис,Новогодний корпоратив,22840.74
2026-06-15,Аренда,Парковка,163119.92
2026-03-17,Офис,Обеды для команды,4292.52
2026-04-17,IT,Телефония,22284.18
2026-01-06,Закупка товара,Закупка — образцы,117497.43
2026-02-05,Логистика,Транспортировка со склада,2269.17
2026-03-18,Аренда,Аренда склада,36884.68
2026-03-12,Аренда,Коммунальные услуги офис,73520.17
2026-04-20,Логистика,Доставка по Москве,22101.27
2026-03-17,Маркетинг,Дизайн баннеров,50997.85
2026-06-24,Закупка товара,Закупка — расходники упаковка,168124.81
2026-05-19,IT,CRM — подписка,2850.32
2026-06-11,Логистика,Доставка Почта России,11646.22
2026-02-18,Аренда,Аренда склада,108562.82
2026-05-05,Закупка товара,Закупка — сезонная коллекция,200319.03
2026-03-29,Закупка товара,Закупка — допартия,126367.24
2026-05-02,Офис,Обеды для команды,15084.16
2026-01-06,IT,Разработка сайта,72941.27
2026-05-06,Логистика,Возврат товара — доставка,30445.0
2026-04-05,Аренда,Коммунальные услуги склад,206700.98
2026-06-07,Зарплаты,Оклад — кладовщик,154222.43
2026-04-10,Зарплаты,Оклад — бухгалтер,161891.88
2026-04-27,Аренда,Аренда шоурума,152993.97
2026-06-22,Логистика,Транспортировка со склада,21923.05
2026-04-02,Офис,Вода и кофе,5084.23
2026-04-03,IT,Антивирус — лицензия,5929.62
2026-06-13,Аренда,Коммунальные услуги офис,111886.27
2026-03-16,Зарплаты,Оклад — маркетолог,152878.93
2026-06-03,Маркетинг,Промо-акция,143819.27
2026-06-22,Закупка товара,Закупка — допартия,46193.32
2026-05-08,Логистика,Транспортировка со склада,29409.71
2026-06-20,Маркетинг,Блогер — интеграция,23588.86
2026-03-03,Аренда,Аренда офиса,86692.01
2026-05-14,Офис,Вода и кофе,10211.06
2026-03-30,Зарплаты,Оклад — дизайнер,112832.68
2026-06-30,Закупка товара,Закупка — сезонная коллекция,116660.5
2026-06-22,Офис,Канцелярия,24989.52
2026-06-15,Маркетинг,Дизайн баннеров,108199.55
2026-02-17,IT,Хостинг сайта,51668.45
2026-02-08,Аренда,Парковка,107499.7
2026-05-31,IT,CRM — подписка,44953.29
2026-06-24,Логистика,Возврат товара — доставка,30914.01
2026-03-02,Зарплаты,Оклад — кладовщик,145222.91
2026-06-18,Маркетинг,Дизайн баннеров,138416.87
2026-04-05,IT,Телефония,22584.11
2026-04-08,Зарплаты,Оклад — менеджер,59789.51
2026-06-14,Аренда,Аренда склада,167096.26
2026-01-24,Закупка товара,Таможенные сборы,313120.44
2026-06-07,Логистика,Курьерская служба,4830.06
2026-01-20,Маркетинг,Дизайн баннеров,23388.33
2026-01-17,Логистика,Доставка Boxberry,20278.4
2026-05-05,Маркетинг,SEO-продвижение,52576.39
2026-02-12,Логистика,Экспресс-доставка,18402.41
2026-04-10,IT,1С — обслуживание,74124.7
2026-04-26,Закупка товара,Закупка — сезонная коллекция,327561.75
2026-02-23,Офис,Мебель,24743.64
2026-06-12,IT,Разработка сайта,47160.0
2026-05-07,Офис,Ремонт офиса,11942.57
2026-06-18,Зарплаты,Оклад — бухгалтер,96391.1
2026-01-13,Закупка товара,Таможенные сборы,36363.75
2026-02-23,Закупка товара,Закупка — поставщик РФ,9514.71
2026-01-08,Логистика,Возврат товара — доставка,41493.6
2026-03-26,IT,1С — обслуживание,63862.06
2026-02-22,Маркетинг,Реклама Telegram,118472.76
2026-01-20,IT,Антивирус — лицензия,40808.05
2026-06-07,Закупка товара,Закупка — образцы,52359.17
2026-05-12,Логистика,Экспресс-доставка,37901.87
2026-02-05,Аренда,Коммунальные услуги склад,192568.18
2026-02-16,Офис,Обеды для команды,3173.42
2026-01-24,Логистика,Доставка Почта России,37564.32
2026-04-01,Зарплаты,Подработка — сезон,78060.69
2026-04-24,Зарплаты,Оклад — курьер,51680.93
2026-05-13,Маркетинг,Реклама Telegram,60935.99
2026-01-14,IT,1С — обслуживание,56332.19
2026-03-20,Офис,Новогодний корпоратив,9908.92
2026-04-29,IT,Разработка сайта,11950.66
2026-06-21,Маркетинг,Промо-акция,84691.09
2026-02-17,Зарплаты,Оклад — бухгалтер,100098.61
2026-01-19,IT,Телефония,21329.59
2026-01-12,Офис,Новогодний корпоратив,13740.81
2026-05-02,Логистика,Курьерская служба,21309.46
2026-04-10,Логистика,Экспресс-доставка,17496.0
2026-05-10,Аренда,Коммунальные услуги склад,172961.96
2026-06-02,Офис,Подарки сотрудникам,24290.49
2026-06-30,Логистика,Доставка Boxberry,5239.4
2026-05-30,IT,Домен — продление,21172.17
2026-06-21,Закупка товара,Закупка — новый поставщик,63116.41
2026-04-16,Офис,Вода и кофе,3821.93
2026-05-27,Аренда,Аренда шоурума,151878.28
2026-06-30,Офис,Новогодний корпоратив,8451.77
2026-02-13,Зарплаты,Оклад — бухгалтер,45347.95
2026-05-20,Закупка товара,Закупка — поставщик РФ,97421.67
2026-02-18,IT,Антивирус — лицензия,17776.44
2026-04-28,IT,Облачное хранилище,55341.15
2026-06-06,Зарплаты,Оклад — маркетолог,105074.56
2026-03-08,Маркетинг,Контент для соцсетей,28895.9
2026-03-09,Логистика,Транспортировка со склада,31762.76
2026-02-19,Закупка товара,Закупка — допартия,5503.88
2026-06-21,IT,Хостинг сайта,55563.91
2026-06-03,Аренда,Коммунальные услуги офис,22360.96
2026-06-10,Зарплаты,Оклад — менеджер,102195.9
2026-03-26,Маркетинг,Контент для соцсетей,102182.46
2026-04-05,Маркетинг,Блогер — интеграция,100266.08
2026-02-22,Зарплаты,Оклад — маркетолог,45139.5
2026-05-08,Зарплаты,Оклад — бухгалтер,102988.64
2026-04-01,Зарплаты,Оклад — дизайнер,25913.89
2026-04-01,Аренда,Парковка,106622.0
2026-01-16,Офис,Обеды для команды,6181.69
2026-05-08,IT,Облачное хранилище,12990.51
2026-04-01,Логистика,Экспресс-доставка,31046.56
2026-04-16,Аренда,Аренда шоурума,34620.28
2026-04-16,Зарплаты,Оклад — дизайнер,162654.11
2026-03-12,Офис,Новогодний корпоратив,6337.18
2026-06-06,Логистика,Доставка Boxberry,7206.4
2026-04-18,Аренда,Коммунальные услуги склад,215560.27
2026-01-11,Зарплаты,Больничный,97129.7
2026-04-20,Зарплаты,Больничный,41520.4
2026-03-29,Маркетинг,Email-рассылка,53112.12
2026-03-15,Офис,Ремонт офиса,15806.58
2026-02-27,Зарплаты,Оклад — маркетолог,178486.12
2026-03-07,Маркетинг,Email-рассылка,13005.23
2026-04-05,Маркетинг,Контент для соцсетей,105520.82
2026-03-17,Закупка товара,Закупка — допартия,228299.16
2026-02-09,IT,Техподдержка,49108.65
2026-05-29,Аренда,Аренда склада,190264.05
2026-01-15,Закупка товара,Закупка — поставщик Китай,309724.57
2026-01-13,IT,Телефония,71638.22
2026-06-02,Логистика,Курьерская служба,38061.59
2026-05-06,Логистика,Курьерская служба,29046.56
2026-03-25,Аренда,Коммунальные услуги офис,147754.53
2026-06-18,Зарплаты,Оклад — кладовщик,37795.04
2026-01-31,Зарплаты,Оклад — курьер,26435.07
2026-04-10,Маркетинг,Контент для соцсетей,80625.86
2026-03-22,Офис,Канцелярия,4894.19
2026-03-18,Закупка товара,Закупка — образцы,333245.32
2026-05-15,Закупка товара,Закупка — новый поставщик,268063.29
2026-02-28,IT,Разработка сайта,62283.54
2026-02-05,Офис,Мебель,19323.69
2026-05-26,IT,Хостинг сайта,10820.21
2026-05-19,Маркетинг,Яндекс.Директ,70069.95
2026-05-23,Офис,Ремонт офиса,10655.59
2026-06-13,Аренда,Аренда офиса,244480.03
2026-05-30,Офис,Мебель,18174.3
2026-04-27,Зарплаты,Оклад — дизайнер,105738.55
2026-04-29,Офис,Обеды для команды,11154.76
2026-01-19,Логистика,Возврат товара — доставка,35083.86
2026-05-01,Зарплаты,Оклад — менеджер,31209.1
2026-03-08,Офис,Канцелярия,21118.79
2026-05-21,Логистика,Экспресс-доставка,19402.48
2026-06-03,Маркетинг,Яндекс.Директ,37233.47
2026-05-07,IT,Разработка сайта,21503.72
2026-06-07,Закупка товара,Закупка — образцы,338497.32
2026-01-18,Логистика,Экспресс-доставка,10710.62
2026-04-24,Логистика,Транспортировка со склада,21940.82
2026-05-04,Закупка товара,Закупка — поставщик Китай,199490.07
2026-04-18,Маркетинг,SEO-продвижение,53692.89
2026-02-16,Аренда,Парковка,70506.03
2026-01-18,IT,CRM — подписка,6413.19
2026-05-29,Маркетинг,Реклама Telegram,122538.04
2026-05-23,Маркетинг,Email-рассылка,68428.86
2026-04-29,Зарплаты,Оклад — курьер,174024.27
2026-04-14,Зарплаты,Оклад — курьер,116205.6
2026-03-08,Аренда,Аренда шоурума,159002.85
2026-04-02,Закупка товара,Таможенные сборы,177793.35
2026-01-06,Маркетинг,Email-рассылка,122304.45
2026-02-27,Офис,Ремонт офиса,1145.8
2026-02-03,Логистика,Транспортировка со склада,10715.0
2026-01-17,Зарплаты,Оклад — кладовщик,63425.37
2026-04-18,IT,Антивирус — лицензия,7457.73
2026-05-08,Маркетинг,Email-рассылка,63961.63
2026-04-18,Зарплаты,Оклад — менеджер,178490.26
2026-02-03,IT,Антивирус — лицензия,52766.8
2026-01-27,Маркетинг,Контент для соцсетей,106556.21
2026-01-24,Офис,Мебель,11016.16
2026-04-26,Офис,Ремонт офиса,9320.21
2026-05-22,Маркетинг,Контент для соцсетей,5890.04
2026-05-30,Закупка товара,Закупка — сезонная коллекция,120009.9
2026-01-25,Офис,Уборка офиса,23186.64
2026-06-04,Аренда,Коммунальные услуги склад,104051.35
2026-02-13,Зарплаты,Оклад — бухгалтер,175137.34
2026-01-04,IT,Телефония,69233.74
2026-01-17,Закупка товара,Закупка — расходники упаковка,227689.65
2026-02-10,Закупка товара,Закупка — поставщик Китай,9017.48
2026-01-24,IT,Разработка сайта,7061.75
2026-01-16,Зарплаты,Оклад — бухгалтер,34517.71
2026-03-13,Офис,Обеды для команды,17646.63
2026-01-01,Зарплаты,Оклад — бухгалтер,126194.13
2026-02-01,Логистика,Доставка Почта России,44240.36
2026-06-01,Офис,Мебель,11866.2
2026-03-12,Аренда,Аренда офиса,159712.47
2026-02-23,Зарплаты,Оклад — бухгалтер,108382.06
2026-04-08,Закупка товара,Сертификация товара,232177.69
2026-04-04,Аренда,Коммунальные услуги склад,164385.84
2026-06-04,IT,Техподдержка,35792.85
2026-03-13,Маркетинг,Яндекс.Директ,40242.73
2026-01-28,Офис,Вода и кофе,4108.6
2026-02-19,Логистика,Доставка Почта России,21251.01
2026-02-03,Офис,Новогодний корпоратив,11463.27
2026-05-06,IT,CRM — подписка,15919.93
2026-05-14,Офис,Обеды для команды,16871.76
2026-02-17,Логистика,Доставка СДЭК,16257.7
2026-01-28,Логистика,Доставка Почта России,25868.29
2026-06-29,Закупка товара,Закупка — образцы,318546.46
2026-04-01,Закупка товара,Таможенные сборы,118350.37
2026-01-31,Аренда,Аренда шоурума,103245.59
2026-05-11,Маркетинг,Контент для соцсетей,106503.04
2026-04-03,Зарплаты,Оклад — менеджер,120409.82
2026-01-11,IT,Хостинг сайта,53560.46
2026-04-13,Аренда,Аренда шоурума,175231.4
2026-04-04,Маркетинг,Яндекс.Директ,66838.4
2026-02-02,Аренда,Аренда шоурума,157043.45
2026-02-11,Закупка товара,Закупка — поставщик РФ,187771.33
2026-03-10,Маркетинг,Промо-акция,40901.66
2026-04-14,IT,Техподдержка,44582.06
2026-05-24,Офис,Новогодний корпоратив,3739.84
2026-01-16,Логистика,Международная доставка,28976.53
2026-04-12,Логистика,Транспортировка со склада,13670.13
2026-03-21,Зарплаты,Оклад — бухгалтер,118574.96
2026-01-05,Закупка товара,Закупка — поставщик РФ,330989.41
2026-01-12,Закупка товара,Закупка — поставщик Китай,60307.92
2026-02-28,Закупка товара,Закупка — допартия,19474.68
2026-06-25,Маркетинг,SEO-продвижение,24269.95
2026-05-05,Офис,Ремонт офиса,3047.15
2026-01-11,Логистика,Доставка Почта России,37203.57
2026-06-04,Закупка товара,Сертификация товара,323591.63
2026-01-30,Закупка товара,Сертификация товара,104207.21
2026-04-20,Маркетинг,Яндекс.Директ,100572.64
2026-05-14,Закупка товара,Закупка — расходники упаковка,335160.76
2026-05-08,IT,Разработка сайта,46631.11
2026-04-19,Аренда,Аренда шоурума,123416.58
2026-01-25,Закупка товара,Закупка — образцы,48960.63
2026-02-03,Логистика,Доставка Boxberry,30080.02
2026-02-07,Аренда,Коммунальные услуги склад,227746.96
2026-01-07,Зарплаты,Оклад — бухгалтер,171195.89
2026-01-18,Офис,Канцелярия,9248.8
2026-01-02,Зарплаты,Оклад — кладовщик,46000.88
2026-02-08,Офис,Уборка офиса,11924.78
2026-02-18,Закупка товара,Закупка — поставщик РФ,33508.25
2026-01-10,Логистика,Экспресс-доставка,32231.07
2026-01-03,Зарплаты,Оклад — дизайнер,27676.34
2026-05-20,IT,Домен — продление,39904.0
2026-03-14,Офис,Вода и кофе,18073.07
2026-03-05,Логистика,Курьерская служба,7061.79
2026-02-23,Логистика,Возврат товара — доставка,29037.21
2026-03-11,Маркетинг,Дизайн баннеров,26169.71
2026-03-31,Маркетинг,Блогер — интеграция,136728.45
2026-01-11,Логистика,Доставка по Москве,41377.12
2026-01-16,Закупка товара,Закупка — поставщик Китай,93132.44
2026-03-29,Маркетинг,Яндекс.Директ,19346.66
2026-01-18,Маркетинг,Контент для соцсетей,108862.85
2026-05-28,Аренда,Коммунальные услуги офис,206089.63
2026-04-29,Закупка товара,Сертификация товара,266379.35
2026-04-08,Офис,Канцелярия,2790.76
2026-01-19,Маркетинг,Блогер — интеграция,69669.24
2026-05-31,Маркетинг,Блогер — интеграция,65421.53
2026-03-22,Маркетинг,Блогер — интеграция,40626.66
2026-05-14,Аренда,Аренда офиса,24658.49
2026-05-27,Логистика,Возврат товара — доставка,40230.49
2026-02-22,Офис,Обеды для команды,19119.77
2026-06-23,IT,Облачное хранилище,72195.54
2026-03-03,Аренда,Коммунальные услуги офис,128880.3
2026-03-17,Зарплаты,Больничный,90257.5
2026-04-19,Закупка товара,Закупка — сезонная коллекция,8749.31
2026-01-16,IT,1С — обслуживание,65268.86
2026-04-21,Аренда,Коммунальные услуги склад,196678.3
2026-05-23,Аренда,Аренда шоурума,192031.94
2026-04-15,Маркетинг,SEO-продвижение,41824.37
2026-02-22,IT,CRM — подписка,78201.33
2026-01-02,Зарплаты,Оклад — курьер,144228.99
2026-06-30,Закупка товара,Сертификация товара,77719.15
2026-06-30,Логистика,Экспресс-доставка,40598.8
2026-06-24,IT,Антивирус — лицензия,12674.28
2026-02-06,Маркетинг,Таргет ВКонтакте,107553.17
2026-01-28,Маркетинг,Email-рассылка,128293.65
2026-02-12,Закупка товара,Закупка — поставщик Китай,173915.12
2026-05-25,Аренда,Аренда шоурума,228196.14
2026-06-25,Закупка товара,Таможенные сборы,328285.27
2026-01-04,Логистика,Доставка по Москве,25182.65
2026-03-09,Логистика,Возврат товара — доставка,8692.7
2026-03-04,Закупка товара,Закупка — сезонная коллекция,324372.35
2026-05-21,Зарплаты,Оклад — бухгалтер,138457.69
2026-01-20,Зарплаты,Больничный,67044.98
2026-04-10,Зарплаты,Оклад — маркетолог,71324.9
2026-02-19,Логистика,Курьерская служба,13530.08
2026-04-22,Аренда,Коммунальные услуги склад,19816.12
2026-02-20,Аренда,Аренда офиса,64295.09
2026-04-17,Логистика,Доставка Почта России,12906.09
2026-05-17,IT,Разработка сайта,23489.47
2026-04-08,Офис,Уборка офиса,2650.98
2026-05-13,Аренда,Аренда офиса,18030.95
2026-01-22,Аренда,Коммунальные услуги офис,77679.36
2026-01-29,Зарплаты,Оклад — кладовщик,137010.25
2026-04-25,Логистика,Доставка Boxberry,34887.3
2026-05-24,IT,Телефония,72000.77
2026-03-23,Офис,Вода и кофе,14445.43
2026-03-08,Офис,Новогодний корпоратив,21606.54
2026-03-12,Аренда,Аренда офиса,60248.23
2026-06-21,Офис,Подарки сотрудникам,19508.32
2026-02-26,Офис,Мебель,23994.81
2026-06-18,Аренда,Аренда офиса,32070.48
2026-03-14,Офис,Вода и кофе,16358.13
2026-06-01,Маркетинг,Email-рассылка,96023.94
2026-05-14,Офис,Ремонт офиса,21117.68
2026-02-18,Логистика,Доставка Boxberry,10329.06
2026-03-03,Маркетинг,Блогер — интеграция,20033.56
2026-01-18,IT,Разработка сайта,33619.41
2026-01-10,Закупка товара,Закупка — допартия,16544.35
2026-06-28,IT,Техподдержка,21478.86
2026-01-25,IT,Облачное хранилище,17596.71
2026-04-14,Аренда,Коммунальные услуги склад,33569.52
2026-06-07,Логистика,Экспресс-доставка,27056.15
2026-04-24,Зарплаты,Оклад — бухгалтер,164295.25
2026-06-05,Офис,Уборка офиса,7804.36
2026-06-01,Офис,Обеды для команды,12236.02
2026-01-02,IT,Облачное хранилище,43936.59
2026-04-06,Логистика,Экспресс-доставка,14277.67
2026-03-09,Зарплаты,Оклад — менеджер,177722.87
2026-05-23,Зарплаты,Оклад — маркетолог,89050.36
2026-05-27,Логистика,Доставка СДЭК,4023.04
2026-02-12,IT,Хостинг сайта,66769.87
2026-06-10,Маркетинг,Реклама Telegram,42518.89
2026-06-26,Зарплаты,Премия квартальная,157147.41
2026-01-06,Закупка товара,Сертификация товара,179299.64
2026-06-16,Закупка товара,Сертификация товара,30503.78
2026-04-15,Логистика,Экспресс-доставка,35281.14
2026-02-08,Аренда,Парковка,171273.88
2026-04-13,Маркетинг,SEO-продвижение,144827.3
2026-02-11,Зарплаты,Оклад — бухгалтер,120887.69
2026-06-23,Аренда,Парковка,178634.11
2026-05-02,Закупка товара,Таможенные сборы,174153.67
2026-01-27,Аренда,Парковка,142233.51
2026-01-26,Маркетинг,Таргет ВКонтакте,73834.8
2026-05-06,Аренда,Коммунальные услуги офис,37965.53
2026-04-24,Логистика,Доставка СДЭК,42478.84
2026-05-03,Маркетинг,Email-рассылка,71976.34
2026-03-21,Закупка товара,Таможенные сборы,217628.79
2026-04-01,Маркетинг,Реклама Telegram,8319.52
2026-03-30,Маркетинг,Промо-акция,62064.65
2026-03-31,Маркетинг,SEO-продвижение,29347.71
2026-06-18,Закупка товара,Закупка — новый поставщик,162950.71
2026-06-26,Аренда,Аренда шоурума,243385.4
2026-02-26,Офис,Новогодний корпоратив,22492.18
2026-06-25,Аренда,Аренда склада,36248.91
2026-01-14,Аренда,Аренда склада,243158.8
2026-01-07,Зарплаты,Больничный,130517.14
2026-06-06,Маркетинг,Дизайн баннеров,129435.21
2026-04-22,Офис,Новогодний корпоратив,11483.97
2026-04-26,Маркетинг,Яндекс.Директ,140217.85
2026-03-09,Логистика,Доставка Почта России,7069.12
2026-06-27,Логистика,Доставка Почта России,10628.22
2026-01-20,Логистика,Доставка Почта России,20119.3
2026-04-07,Офис,Новогодний корпоратив,23528.53
2026-04-23,Аренда,Коммунальные услуги офис,35328.73
2026-02-28,Маркетинг,Контент для соцсетей,53749.45
2026-01-22,,Оплата без категории,34500.0
2026-02-28,IT,CRM — подписка,69371.82
2026-06-18,Логистика,Транспортировка со склада,5565.53
2026-03-11,Закупка товара,Закупка — образцы,243018.21
2026-01-18,IT,Техподдержка,3836.03
2026-02-23,Офис,Ремонт офиса,23467.19
2026-04-11,Офис,Обеды для команды,24762.7
2026-05-21,Логистика,Курьерская служба,1029.02
2026-04-08,Офис,Подарки сотрудникам,20220.39
2026-05-27,Закупка товара,Сертификация товара,68274.34
2026-02-08,IT,Разработка сайта,37791.5
2026-06-02,IT,Облачное хранилище,71288.38
2026-06-11,Офис,Новогодний корпоратив,1902.57
2026-02-14,Логистика,Доставка по Москве,42724.6
2026-04-11,Маркетинг,Реклама Telegram,52584.35
2026-05-02,Офис,Мебель,8377.41
2026-03-25,Логистика,Экспресс-доставка,39405.8
2026-03-02,Зарплаты,Больничный,129836.25
2026-02-05,IT,1С — обслуживание,64299.48
2026-03-13,Аренда,Аренда склада,216604.22
2026-02-02,Маркетинг,Таргет ВКонтакте,149737.41
2026-03-01,Аренда,Аренда офиса,183009.44
2026-01-25,IT,Антивирус — лицензия,16042.38
2026-02-04,Логистика,Доставка СДЭК,14188.63
2026-01-14,Зарплаты,Премия квартальная,69137.9
2026-02-25,Офис,Новогодний корпоратив,1576.5
2026-02-01,Маркетинг,Яндекс.Директ,25989.78
2026-03-21,Закупка товара,Закупка — допартия,11289.54
2026-01-04,Офис,Обеды для команды,2886.45
2026-01-28,Зарплаты,Больничный,104551.88
2026-04-25,Закупка товара,Таможенные сборы,62978.23
2026-04-19,Логистика,Доставка по Москве,18139.02
2026-05-28,Офис,Вода и кофе,11580.62
2026-02-28,Маркетинг,Контент для соцсетей,118373.01
2026-02-15,Офис,Мебель,12235.74
2026-03-17,Маркетинг,Промо-акция,135187.04
2026-06-27,Зарплаты,Больничный,70174.46
2026-05-17,Логистика,Международная доставка,22674.5
2026-01-05,Офис,Уборка офиса,12477.92
2026-05-21,Офис,Подарки сотрудникам,20432.37
2026-04-24,IT,Разработка сайта,53073.45
2026-04-26,Зарплаты,Больничный,123200.53
2026-02-17,Логистика,Международная доставка,8822.9
2026-02-20,Закупка товара,Закупка — новый поставщик,141845.78
2026-01-27,Логистика,Экспресс-доставка,36779.96
2026-04-21,Маркетинг,Реклама Telegram,95672.16
2026-02-11,Закупка товара,Сертификация товара,149437.99
2026-01-14,Логистика,Доставка СДЭК,1183.16
2026-04-11,Маркетинг,Реклама Telegram,81385.75
2026-03-27,IT,Хостинг сайта,47853.73
2026-04-19,Аренда,Аренда офиса,200816.69
2026-02-17,Аренда,Аренда офиса,124707.69
2026-05-02,Закупка товара,Таможенные сборы,66266.37
2026-06-18,Аренда,Парковка,84379.23
2026-02-04,Зарплаты,Оклад — бухгалтер,107687.5
2026-01-23,Офис,Мебель,1918.7
2026-02-07,Закупка товара,Закупка — поставщик Китай,85125.66
2026-01-06,IT,Облачное хранилище,76290.55
2026-05-18,IT,Техподдержка,34071.93
2026-06-16,Аренда,Коммунальные услуги склад,158464.11
2026-05-24,Аренда,Аренда офиса,111757.93
2026-06-06,Зарплаты,Подработка — сезон,37126.36
2026-06-16,Логистика,Транспортировка со склада,31666.71
2026-04-25,Зарплаты,Премия квартальная,141620.63
2026-01-13,Аренда,Аренда шоурума,77180.69
2026-03-30,Логистика,Доставка СДЭК,3575.01
2026-04-02,Логистика,Доставка СДЭК,6625.7
2026-04-27,IT,Хостинг сайта,20709.73
2026-02-02,Офис,Подарки сотрудникам,7809.9
2026-05-19,Офис,Вода и кофе,463500.0
2026-01-03,Аренда,Коммунальные услуги склад,75001.78
2026-06-18,Маркетинг,Промо-акция,115827.88
2026-03-19,Зарплаты,Оклад — бухгалтер,125606.05
2026-02-26,Зарплаты,Оклад — менеджер,158081.95
2026-06-03,Зарплаты,Подработка — сезон,145029.58
2026-03-17,Закупка товара,Закупка — расходники упаковка,263006.06
2026-01-07,IT,Облачное хранилище,70885.75
2026-05-26,Аренда,Аренда шоурума,147102.54
2026-02-11,Офис,Вода и кофе,7484.04
2026-01-05,Аренда,Аренда склада,67011.07
2026-01-18,IT,Облачное хранилище,1124.71
2026-06-11,IT,CRM — подписка,15255.47
2026-01-24,Маркетинг,Таргет ВКонтакте,108301.65
2026-03-23,IT,1С — обслуживание,12903.98
2026-06-06,Закупка товара,Закупка — образцы,213933.56
2026-03-07,Зарплаты,Подработка — сезон,63435.65
2026-05-09,Аренда,Аренда шоурума,121316.5
2026-01-17,Маркетинг,Реклама Telegram,50725.25
2026-04-26,Аренда,Аренда шоурума,34576.94
2026-02-22,Офис,Ремонт офиса,3954.58
2026-02-13,Офис,Ремонт офиса,14027.7
2026-06-13,Зарплаты,Премия квартальная,115083.94
2026-01-22,Зарплаты,Больничный,162268.6
2026-06-30,Логистика,Доставка Почта России,19198.32
2026-06-02,Закупка товара,Закупка — поставщик РФ,241500.5
2026-01-02,Закупка товара,Закупка — образцы,141210.34
2026-02-23,Зарплаты,Оклад — дизайнер,50550.06
2026-01-25,Закупка товара,Закупка — поставщик РФ,130073.6
2026-02-25,Маркетинг,Дизайн баннеров,18988.69
2026-05-19,Закупка товара,Закупка — новый поставщик,238577.06
2026-05-24,Зарплаты,Оклад — бухгалтер,139842.43
2026-05-20,Офис,Новогодний корпоратив,19000.14
2026-06-12,Аренда,Коммунальные услуги склад,155783.67
2026-01-22,Логистика,Курьерская служба,26229.0
2026-05-10,IT,Хостинг сайта,1423.52
2026-04-12,IT,Облачное хранилище,54524.51
2026-06-10,IT,Техподдержка,73824.37
2026-01-19,IT,Разработка сайта,42792.65
2026-03-29,Логистика,Курьерская служба,24209.94
2026-05-04,Зарплаты,Подработка — сезон,28864.89
2026-03-25,Зарплаты,Больничный,29448.5
2026-04-08,IT,Облачное хранилище,71280.96
2026-05-19,Аренда,Коммунальные услуги офис,225086.69
2026-05-15,Аренда,Парковка,172765.49
2026-03-08,IT,Облачное хранилище,34590.74
2026-04-16,Аренда,Аренда склада,163972.96
2026-03-29,IT,Разработка сайта,49430.09
2026-06-02,Логистика,Доставка по Москве,6453.49
2026-04-19,Логистика,Доставка СДЭК,29469.08
2026-03-05,IT,Хостинг сайта,60584.42
2026-03-04,Закупка товара,Закупка — поставщик РФ,142899.51
2026-02-10,Аренда,Коммунальные услуги офис,34324.53
2026-04-16,Маркетинг,Email-рассылка,114919.02
2026-01-12,IT,Хостинг сайта,79671.16
2026-02-12,Зарплаты,Оклад — менеджер,56762.14
2026-02-18,Логистика,Возврат товара — доставка,27799.65
2026-06-29,Аренда,Коммунальные услуги склад,81839.4
2026-03-02,Аренда,Коммунальные услуги склад,16073.96
2026-04-06,Зарплаты,Оклад — курьер,26178.8
2026-05-17,Маркетинг,Контент для соцсетей,14527.9
2026-02-19,Логистика,Доставка Boxberry,25200.94
2026-02-12,Маркетинг,Таргет ВКонтакте,43120.09
2026-04-18,Аренда,Коммунальные услуги офис,223233.24
2026-03-05,Офис,Вода и кофе,3179.55
2026-06-20,Офис,Ремонт офиса,12924.5
2026-06-15,Закупка товара,Закупка — поставщик РФ,97407.86
2026-05-13,IT,Техподдержка,30567.02
2026-06-12,Закупка товара,Закупка — поставщик РФ,154162.03
2026-01-05,IT,1С — обслуживание,52753.31
2026-03-01,Аренда,Парковка,163827.84
2026-05-22,Закупка товара,Закупка — новый поставщик,59606.75
2026-04-04,Офис,Вода и кофе,8789.43
2026-05-24,Аренда,Аренда шоурума,56187.84
2026-05-05,Закупка товара,Закупка — поставщик РФ,316835.86
2026-06-23,Маркетинг,SEO-продвижение,11643.35
2026-05-31,Логистика,Экспресс-доставка,22383.27
2026-01-04,IT,1С — обслуживание,33891.29
2026-03-02,Маркетинг,Таргет ВКонтакте,108680.69
2026-03-22,Офис,Ремонт офиса,18178.0
2026-05-22,Аренда,Парковка,158286.54
2026-04-20,Маркетинг,Контент для соцсетей,83648.7
2026-03-16,Зарплаты,Оклад — курьер,48730.12
2026-05-04,Маркетинг,Дизайн баннеров,70283.06
2026-04-09,Логистика,Курьерская служба,32984.81
2026-04-25,Зарплаты,Оклад — кладовщик,77910.33
2026-04-09,Зарплаты,Оклад — кладовщик,60621.14
2026-05-30,Аренда,Коммунальные услуги склад,60684.81
2026-06-05,Закупка товара,Сертификация товара,347336.21
2026-05-27,Аренда,Аренда шоурума,55046.53
2026-05-02,Маркетинг,Email-рассылка,93240.29
2026-02-27,Аренда,Аренда склада,141718.89
2026-01-01,Маркетинг,Реклама Telegram,61208.05
2026-04-30,Зарплаты,Премия квартальная,100450.25
2026-06-12,IT,Хостинг сайта,62016.95
2026-01-28,IT,Домен — продление,65606.21
2026-04-01,Зарплаты,Оклад — курьер,88609.96
2026-01-22,IT,Разработка сайта,16461.54
2026-06-03,Офис,Мебель,6595.59
2026-06-05,IT,Антивирус — лицензия,38542.98
2026-03-20,Закупка товара,Закупка — допартия,30913.52
2026-04-08,Маркетинг,SEO-продвижение,91993.35
2026-03-10,Офис,Новогодний корпоратив,14270.01
2026-02-16,Офис,Подарки сотрудникам,14110.88
2026-06-13,Офис,Мебель,674.82
2026-04-29,IT,Хостинг сайта,36819.49
2026-05-23,IT,Домен — продление,28659.01
2026-05-12,Маркетинг,Email-рассылка,136032.95
2026-03-30,IT,Облачное хранилище,61888.84
2026-06-13,Зарплаты,Премия квартальная,33194.02
2026-02-15,Маркетинг,Таргет ВКонтакте,48056.92
2026-04-06,Закупка товара,Закупка — поставщик РФ,25673.44
2026-02-13,Маркетинг,Блогер — интеграция,28736.93
2026-06-09,Закупка товара,Закупка — новый поставщик,282588.04
2026-03-26,Маркетинг,SEO-продвижение,82968.93
2026-04-08,Закупка товара,Закупка — допартия,272552.29
2026-05-31,IT,Облачное хранилище,29950.58
2026-02-22,Офис,Канцелярия,7805.34
2026-01-03,Офис,Ремонт офиса,19134.32
2026-05-01,Зарплаты,Оклад — бухгалтер,50885.2
2026-02-02,IT,1С — обслуживание,60140.07
2026-03-21,Аренда,Аренда склада,196490.38
2026-06-04,Зарплаты,Больничный,98753.07
2026-05-29,Офис,Канцелярия,20409.74
2026-04-13,Аренда,Аренда шоурума,57974.31
2026-05-27,Маркетинг,Таргет ВКонтакте,111426.32
2026-02-10,IT,Облачное хранилище,71766.64
2026-03-25,Закупка товара,Закупка — расходники упаковка,312138.69
2026-04-11,IT,Техподдержка,35305.6
2026-01-03,Закупка товара,Закупка — поставщик Китай,303605.17
2026-05-25,Логистика,Курьерская служба,39247.93
2026-04-12,Офис,Мебель,23285.41
2026-06-05,Логистика,Экспресс-доставка,32006.27
2026-05-01,Логистика,Транспортировка со склада,8894.85
2026-05-06,Логистика,Доставка СДЭК,11493.66
2026-04-03,Логистика,Доставка СДЭК,23724.29
2026-04-28,IT,Домен — продление,27124.04
2026-01-24,Аренда,Коммунальные услуги склад,196085.92
2026-03-19,Аренда,Коммунальные услуги офис,167621.08
2026-03-03,IT,1С — обслуживание,78481.2
2026-06-04,Офис,Обеды для команды,14256.4
2026-01-07,Маркетинг,SEO-продвижение,36175.03
2026-04-11,Зарплаты,Больничный,128493.45
2026-01-17,IT,Антивирус — лицензия,70392.64
2026-04-20,Маркетинг,Промо-акция,60469.46
2026-03-14,Закупка товара,Закупка — расходники упаковка,348346.57
2026-04-24,Закупка товара,Закупка — допартия,165420.93
2026-02-08,Логистика,Экспресс-доставка,19200.59
2026-03-09,Офис,Мебель,7359.65
2026-06-02,Закупка товара,Закупка — допартия,188636.88
2026-06-04,Аренда,Аренда склада,204704.59
2026-02-15,Маркетинг,Таргет ВКонтакте,127515.26
2026-02-17,Аренда,Аренда шоурума,142715.26
2026-06-05,Логистика,Доставка по Москве,12732.99
2026-02-18,Закупка товара,Закупка — образцы,36518.92
2026-04-22,Зарплаты,Премия квартальная,47498.22
2026-05-24,IT,Антивирус — лицензия,26729.13
2026-02-12,Офис,Вода и кофе,1621.56
2026-03-11,Закупка товара,Сертификация товара,115953.52
2026-05-12,Логистика,Возврат товара — доставка,38043.07
2026-02-18,Маркетинг,SEO-продвижение,34109.98
2026-01-07,IT,Антивирус — лицензия,53856.4
2026-02-13,IT,Облачное хранилище,37227.74
2026-05-14,IT,CRM — подписка,69168.98
2026-03-21,Маркетинг,Яндекс.Директ,64098.09
2026-03-27,Логистика,Доставка Почта России,16831.41
2026-04-12,Маркетинг,Блогер — интеграция,21198.0
2026-06-28,Зарплаты,Оклад — кладовщик,92915.72
2026-01-14,Закупка товара,Закупка — расходники упаковка,225090.88
2026-01-29,Закупка товара,Закупка — поставщик Китай,101808.43
2026-03-01,Закупка товара,Закупка — допартия,269560.55
2026-06-18,Логистика,Возврат товара — доставка,30240.72
2026-06-16,IT,Домен — продление,56246.05
2026-02-20,Офис,Обеды для команды,15048.26
2026-05-10,Закупка товара,Закупка — поставщик Китай,157668.13
2026-05-31,Аренда,Аренда склада,178550.24
2026-05-15,IT,Антивирус — лицензия,62534.15
2026-04-18,Логистика,Международная доставка,10399.71
2026-03-19,Аренда,Аренда офиса,132977.32
2026-02-19,IT,Техподдержка,37973.64
2026-04-06,Логистика,Транспортировка со склада,23153.4
2026-02-25,Зарплаты,Оклад — дизайнер,61322.59
2026-05-13,Закупка товара,Закупка — поставщик РФ,48881.37
2026-06-03,Аренда,Парковка,52171.47
2026-04-29,Закупка товара,Закупка — расходники упаковка,317861.45
2026-05-23,Зарплаты,Премия квартальная,61381.43
2026-04-16,Зарплаты,Оклад — дизайнер,132480.23
2026-04-23,Маркетинг,Дизайн баннеров,44178.13
2026-05-01,Офис,Новогодний корпоратив,5693.45
2026-02-09,Закупка товара,Закупка — новый поставщик,179502.9
2026-05-03,Зарплаты,Оклад — бухгалтер,167726.94
2026-06-21,IT,CRM — подписка,79453.1
2026-04-29,Аренда,Коммунальные услуги склад,249521.41
2026-01-19,Зарплаты,Оклад — курьер,121947.96
2026-02-27,Логистика,Доставка по Москве,15426.65
2026-01-20,Офис,Мебель,17526.64
2026-04-19,Логистика,Доставка по Москве,41019.75
2026-01-17,Аренда,Коммунальные услуги склад,78915.44
2026-03-19,IT,Техподдержка,16082.24
2026-02-19,Логистика,Доставка СДЭК,15700.56
2026-02-26,Аренда,Аренда склада,38017.51
2026-05-22,Зарплаты,Оклад — дизайнер,107012.72
2026-01-12,Закупка товара,Закупка — допартия,143620.26
2026-06-30,Аренда,Аренда склада,80977.74
2026-03-30,Аренда,Парковка,33284.56
2026-01-29,Закупка товара,Закупка — поставщик Китай,205691.17
2026-04-15,Логистика,Экспресс-доставка,3201.1
2026-01-22,Зарплаты,Оклад — кладовщик,70791.99
2026-03-27,Аренда,Аренда склада,104957.77
2026-02-03,Логистика,Доставка Boxberry,1917.81
2026-03-09,IT,1С — обслуживание,54194.46
2026-05-26,Маркетинг,Email-рассылка,13074.91
2026-06-09,Аренда,Коммунальные услуги офис,162294.81
2026-03-09,IT,1С — обслуживание,50415.69
2026-02-07,Аренда,Аренда шоурума,103087.66
2026-06-13,Офис,Обеды для команды,7064.43
2026-06-03,IT,1С — обслуживание,72075.28
2026-05-06,Офис,Канцелярия,23192.59
2026-04-05,Логистика,Доставка Boxberry,5676.86
2026-04-03,Маркетинг,Яндекс.Директ,88753.96
2026-02-05,Логистика,Возврат товара — доставка,30185.21
2026-06-11,Зарплаты,Оклад — дизайнер,47036.6
2026-03-31,IT,Разработка сайта,73825.34
2026-01-10,Закупка товара,Закупка — расходники упаковка,249946.73
2026-05-22,IT,Техподдержка,1618.03
2026-03-25,Логистика,Доставка СДЭК,30128.87
2026-04-15,Закупка товара,Сертификация товара,230309.07
2026-03-03,Закупка товара,Закупка — расходники упаковка,141838.06
2026-01-11,Аренда,Парковка,178766.33
2026-05-22,Маркетинг,SEO-продвижение,116978.28
2026-03-21,IT,Домен — продление,29019.81
2026-05-24,Закупка товара,Закупка — новый поставщик,288940.42
2026-02-12,Закупка товара,Таможенные сборы,101440.64
2026-02-05,Зарплаты,Оклад — курьер,73537.01
2026-03-02,Закупка товара,Закупка — поставщик РФ,29446.53
2026-03-03,Логистика,Доставка Почта России,23977.83
2026-04-20,Зарплаты,Оклад — менеджер,84323.06
2026-04-29,Закупка товара,Таможенные сборы,19418.27
2026-05-13,Закупка товара,Закупка — сезонная коллекция,117360.04
2026-01-01,Закупка товара,Закупка — новый поставщик,64674.03
2026-03-30,Логистика,Экспресс-доставка,15854.34
2026-04-30,Маркетинг,Яндекс.Директ,100832.34
2026-04-12,Офис,Подарки сотрудникам,9987.26
2026-04-19,IT,Техподдержка,68837.47
2026-03-25,Офис,Обеды для команды,15021.31
2026-05-26,Офис,Обеды для команды,11721.17
2026-05-28,Аренда,Аренда офиса,221371.51
2026-05-19,Аренда,Парковка,129072.41
2026-02-20,Офис,Ремонт офиса,4026.81
2026-02-18,Логистика,Доставка Boxberry,40558.11
2026-04-24,Логистика,Курьерская служба,3540.5
2026-01-24,Аренда,Аренда склада,197780.74
2026-04-19,Зарплаты,Оклад — бухгалтер,151446.08
2026-04-07,Логистика,Доставка по Москве,17703.58
2026-05-13,Маркетинг,Промо-акция,141979.03
2026-05-29,Закупка товара,Сертификация товара,314569.06
2026-02-18,Аренда,Коммунальные услуги офис,249787.9
2026-04-13,Офис,Ремонт офиса,1406.92
2026-06-24,Зарплаты,Оклад — дизайнер,141824.01
2026-06-28,Закупка товара,Таможенные сборы,271844.87
2026-03-19,IT,Домен — продление,41930.07
2026-03-06,Аренда,Коммунальные услуги офис,27643.52
2026-05-30,Закупка товара,Закупка — образцы,49872.95
2026-03-10,Маркетинг,Яндекс.Директ,146947.87
2026-05-04,Зарплаты,Подработка — сезон,88096.85
2026-06-24,Аренда,Аренда склада,63665.54
2026-01-28,Зарплаты,Больничный,38660.13
2026-01-16,Зарплаты,Оклад — кладовщик,38257.88
2026-03-24,IT,CRM — подписка,44092.48
2026-01-26,Маркетинг,Email-рассылка,64539.37
2026-02-05,Логистика,Доставка СДЭК,1227.52
2026-01-08,Зарплаты,Больничный,119012.66
2026-04-29,IT,Антивирус — лицензия,37626.28
2026-06-22,Маркетинг,Дизайн баннеров,87466.27
2026-06-21,Логистика,Доставка СДЭК,28606.91
2026-06-16,Маркетинг,Блогер — интеграция,5741.99
2026-03-04,Зарплаты,Оклад — менеджер,161055.89
2026-05-08,Зарплаты,Оклад — дизайнер,161256.73
2026-04-10,Маркетинг,Контент для соцсетей,89646.07
2026-03-04,Зарплаты,Больничный,71358.1
2026-01-05,Офис,Ремонт офиса,19542.31
2026-05-09,Аренда,Аренда шоурума,226014.26
2026-06-20,Закупка товара,Закупка — новый поставщик,214286.6
2026-03-26,Закупка товара,Закупка — новый поставщик,223996.57
2026-02-28,Аренда,Коммунальные услуги склад,136922.87
2026-02-28,Закупка товара,Закупка — поставщик РФ,276126.29
2026-03-14,Маркетинг,Промо-акция,114037.81
2026-06-27,Офис,Подарки сотрудникам,13410.18
2026-03-18,Офис,Канцелярия,20960.09
2026-06-26,Офис,Уборка офиса,1285.45
2026-05-06,Офис,Мебель,18998.43
2026-02-07,Зарплаты,Оклад — маркетолог,174313.88
2026-05-19,Логистика,Международная доставка,27931.15
2026-03-18,Закупка товара,Закупка — расходники упаковка,85382.98
2026-02-06,Логистика,Возврат товара — доставка,4466.98
2026-05-22,Маркетинг,Контент для соцсетей,75163.12
2026-01-16,Маркетинг,Дизайн баннеров,65059.23
2026-05-16,Логистика,Курьерская служба,34678.9
2026-04-18,IT,Облачное хранилище,3751.31
2026-05-10,Офис,Ремонт офиса,15046.25
2026-02-16,Офис,Обеды для команды,7575.12
2026-06-25,Офис,Вода и кофе,16773.75
2026-02-08,Зарплаты,Оклад — маркетолог,74699.78
2026-02-27,Зарплаты,Подработка — сезон,161313.87
2026-04-10,Маркетинг,Блогер — интеграция,126241.26
2026-02-07,IT,Телефония,76414.1
2026-06-24,IT,Техподдержка,35905.4
2026-05-17,Офис,Подарки сотрудникам,15125.0
2026-06-10,Офис,Канцелярия,23754.97
2026-06-17,Закупка товара,Закупка — допартия,268212.54
2026-05-22,Закупка товара,Закупка — допартия,250596.65
2026-04-30,IT,Разработка сайта,1445.97
2026-01-10,Логистика,Доставка Почта России,12077.51
2026-03-20,Маркетинг,Яндекс.Директ,60658.55
2026-06-25,Закупка товара,Закупка — допартия,305992.88
2026-05-10,Аренда,Коммунальные услуги склад,162125.47
2026-03-05,Закупка товара,Закупка — новый поставщик,82457.78
2026-04-19,Офис,Мебель,21691.3
2026-04-20,Маркетинг,Блогер — интеграция,9546.97
2026-02-27,Офис,Подарки сотрудникам,20306.96
2026-01-24,Маркетинг,Блогер — интеграция,149619.04
2026-04-01,Зарплаты,Оклад — курьер,55396.62
2026-01-13,Логистика,Международная доставка,26057.67
2026-03-27,IT,Техподдержка,34642.09
2026-01-26,Офис,Подарки сотрудникам,10101.75
2026-06-03,Логистика,Доставка Boxberry,28115.78
2026-05-26,Офис,Новогодний корпоратив,19873.81
2026-04-20,IT,Облачное хранилище,19475.3
2026-06-29,Офис,Подарки сотрудникам,9606.26
2026-02-20,Аренда,Аренда офиса,180451.09
2026-04-23,Маркетинг,Дизайн баннеров,99385.81
2026-05-26,Аренда,Аренда шоурума,46015.98
2026-02-26,Закупка товара,Закупка — сезонная коллекция,312700.39
2026-05-16,Аренда,Аренда склада,63774.53
2026-06-03,Аренда,Коммунальные услуги склад,151214.83
2026-01-21,Офис,Уборка офиса,5388.27
2026-01-12,Офис,Вода и кофе,16734.12
2026-01-20,IT,Разработка сайта,69096.71
2026-03-01,Офис,Подарки сотрудникам,4313.22
2026-05-27,Закупка товара,Закупка — расходники упаковка,148980.0
2026-06-08,Логистика,Транспортировка со склада,6924.88
2026-06-10,IT,Домен — продление,14994.54
2026-06-30,Закупка товара,Закупка — сезонная коллекция,285739.7
2026-02-15,Маркетинг,Таргет ВКонтакте,86470.26
2026-06-29,IT,CRM — подписка,57232.92
2026-01-04,Закупка товара,Закупка — поставщик Китай,346873.86
2026-01-12,Закупка товара,Закупка — поставщик Китай,118652.29
2026-06-09,Закупка товара,Закупка — сезонная коллекция,64064.21
2026-01-19,IT,Хостинг сайта,28321.8
2026-06-21,Зарплаты,Больничный,80356.45
2026-05-23,IT,Антивирус — лицензия,77414.31
2026-06-30,Зарплаты,Оклад — маркетолог,105250.12
2026-03-18,Закупка товара,Сертификация товара,105174.99
2026-01-11,Закупка товара,Сертификация товара,53773.98
2026-05-14,Зарплаты,Оклад — бухгалтер,32267.92
2026-01-22,Закупка товара,Закупка — допартия,299188.47
2026-02-24,Офис,Вода и кофе,23795.4
2026-06-13,Логистика,Экспресс-доставка,8089.64
2026-06-23,Логистика,Доставка Boxberry,41010.79
2026-01-07,Логистика,Экспресс-доставка,19651.94
2026-05-05,Логистика,Доставка Почта России,32318.83
2026-03-02,IT,Телефония,6597.73
2026-02-25,IT,Разработка сайта,19866.55
2026-04-26,Аренда,Парковка,207545.3
2026-04-29,Логистика,Доставка по Москве,15905.12
2026-03-24,Зарплаты,Оклад — кладовщик,77166.97
2026-06-12,Аренда,Аренда шоурума,150459.13
2026-02-01,IT,Антивирус — лицензия,66431.91
2026-01-22,Аренда,Аренда офиса,249931.04
2026-04-26,Логистика,Транспортировка со склада,14846.14
2026-01-29,Закупка товара,Закупка — допартия,311352.38
2026-03-07,Аренда,Аренда шоурума,166820.02
2026-05-18,Офис,Новогодний корпоратив,7935.67
2026-01-19,Офис,Мебель,2201.63
2026-06-07,Закупка товара,Сертификация товара,245965.16
2026-05-26,IT,1С — обслуживание,42542.66
2026-01-23,Закупка товара,Закупка — новый поставщик,40636.06
2026-02-14,Закупка товара,Закупка — допартия,285660.56
2026-06-12,Зарплаты,Оклад — курьер,88595.54
2026-04-12,Офис,Канцелярия,13516.08
2026-04-28,Зарплаты,Премия квартальная,169535.01
2026-02-18,Логистика,Экспресс-доставка,33533.69
2026-01-17,Маркетинг,Блогер — интеграция,74050.07
2026-04-05,Маркетинг,Дизайн баннеров,100497.0
2026-05-31,Офис,Обеды для команды,7476.69
2026-04-13,Офис,Новогодний корпоратив,10609.8
2026-05-06,IT,1С — обслуживание,31873.22
2026-02-22,Офис,Обеды для команды,9603.39
2026-04-15,Аренда,Коммунальные услуги офис,221040.08
2026-04-19,Зарплаты,Премия квартальная,112273.85
2026-01-06,Аренда,Аренда офиса,240416.33
2026-03-13,Закупка товара,Закупка — расходники упаковка,40507.47
2026-03-26,Маркетинг,Контент для соцсетей,110718.75
2026-02-02,Офис,Вода и кофе,14534.56
2026-05-13,Аренда,Аренда шоурума,184467.75
2026-05-12,Закупка товара,Закупка — поставщик Китай,166759.74
2026-02-25,Аренда,Коммунальные услуги склад,43497.09
2026-04-06,Зарплаты,Оклад — бухгалтер,74882.59
2026-02-19,Офис,Подарки сотрудникам,10079.49
2026-03-16,IT,Разработка сайта,44977.28
2026-01-10,Офис,Мебель,23530.34
2026-05-28,Зарплаты,Премия квартальная,178218.78
2026-05-13,Офис,Мебель,3078.06
2026-01-03,Офис,Канцелярия,19284.7
2026-01-10,Зарплаты,Оклад — дизайнер,84414.05
2026-03-07,Логистика,Возврат товара — доставка,36233.98
2026-01-29,Логистика,Экспресс-доставка,22396.37
2026-05-01,Логистика,Возврат товара — доставка,41348.91
2026-04-21,Логистика,Доставка СДЭК,35041.4
2026-06-29,Логистика,Доставка СДЭК,19527.42
2026-02-06,Маркетинг,Таргет ВКонтакте,140629.79
2026-01-01,IT,Домен — продление,43670.17
2026-03-27,Маркетинг,Реклама Telegram,21223.84
2026-04-26,Логистика,Возврат товара — доставка,39420.89
2026-05-04,Закупка товара,Закупка — образцы,148344.17
2026-06-25,Закупка товара,Закупка — сезонная коллекция,342849.0
2026-04-26,Закупка товара,Закупка — расходники упаковка,18987.73
2026-04-05,Закупка товара,Закупка — расходники упаковка,346780.3
2026-03-19,Маркетинг,Реклама Telegram,132557.87
2026-03-22,Офис,Вода и кофе,2577.07
2026-02-01,Маркетинг,Блогер — интеграция,124169.65
2026-06-09,Закупка товара,Закупка — допартия,57694.14
2026-01-03,Аренда,Аренда шоурума,125261.52
2026-06-06,Закупка товара,Сертификация товара,53224.44
2026-04-10,Закупка товара,Закупка — новый поставщик,221403.01
2026-02-09,Зарплаты,Оклад — менеджер,63115.06
2026-02-25,Логистика,Доставка Boxberry,25952.67
2026-01-30,IT,Хостинг сайта,54742.39
2026-04-17,Аренда,Парковка,40757.08
2026-04-14,Маркетинг,SEO-продвижение,69304.33
2026-05-18,Офис,Обеды для команды,19180.4
2026-06-28,Зарплаты,Оклад — менеджер,128794.52
2026-06-05,Закупка товара,Закупка — поставщик РФ,65640.71
2026-02-06,Зарплаты,Оклад — кладовщик,161602.52
2026-05-23,IT,Техподдержка,17051.73
2026-03-09,Маркетинг,Блогер — интеграция,115475.69
2026-05-25,Логистика,Экспресс-доставка,42682.1
2026-01-03,Аренда,Аренда склада,144976.48
2026-05-29,Офис,Обеды для команды,7323.7
2026-01-01,Офис,Обеды для команды,17745.6
2026-01-25,Зарплаты,Премия квартальная,132527.51
2026-05-13,Маркетинг,Яндекс.Директ,94920.9
2026-04-13,Зарплаты,Оклад — бухгалтер,75357.59
2026-05-27,Маркетинг,Email-рассылка,49734.79
2026-04-10,Маркетинг,Яндекс.Директ,108112.92
2026-03-19,Маркетинг,Яндекс.Директ,142046.71
2026-04-02,Логистика,Транспортировка со склада,10249.08
2026-04-16,Офис,Мебель,20103.95
2026-03-19,Зарплаты,Оклад — бухгалтер,120404.81
2026-04-17,Офис,Новогодний корпоратив,3140.26
2026-06-05,Маркетинг,Реклама Telegram,37804.98
2026-06-16,Аренда,Аренда склада,102383.29
2026-06-10,Аренда,Парковка,244136.89
2026-04-08,Зарплаты,Оклад — менеджер,175671.25
2026-05-27,Логистика,Транспортировка со склада,22691.16
2026-06-03,Аренда,Коммунальные услуги офис,195342.85
2026-01-22,Логистика,Курьерская служба,4327.59
2026-01-29,Маркетинг,Реклама Telegram,56030.07
2026-01-03,IT,1С — обслуживание,32337.27
2026-03-16,Маркетинг,Яндекс.Директ,99135.34
2026-06-04,Офис,Ремонт офиса,22641.49
2026-01-18,Логистика,Доставка по Москве,43879.73
2026-01-12,Офис,Уборка офиса,22882.63
2026-04-09,Логистика,Курьерская служба,7466.72
2026-03-24,Офис,Уборка офиса,6617.09
2026-02-03,Маркетинг,Промо-акция,17637.75
2026-02-09,Закупка товара,Закупка — допартия,254506.93
2026-02-13,IT,Разработка сайта,10043.23
2026-02-09,Закупка товара,Закупка — поставщик Китай,49142.16
2026-06-29,Логистика,Доставка Boxberry,12576.49
2026-01-09,Офис,Новогодний корпоратив,3433.95
2026-04-11,Офис,Канцелярия,10929.59
2026-01-30,Офис,Мебель,10443.72
2026-02-03,Закупка товара,Закупка — новый поставщик,271969.67
2026-03-02,IT,1С — обслуживание,77888.65
2026-02-05,Аренда,Аренда шоурума,177396.92
2026-04-02,Аренда,Аренда склада,88624.06
2026-03-06,Закупка товара,Таможенные сборы,174082.26
2026-06-04,Зарплаты,Оклад — маркетолог,62260.43
2026-02-09,Логистика,Доставка Почта России,8141.86
2026-06-19,Логистика,Доставка СДЭК,37993.11
2026-02-28,Аренда,Аренда склада,153252.55
2026-02-04,Офис,Мебель,7422.76
2026-06-12,Логистика,Транспортировка со склада,24736.3
2026-04-04,IT,Разработка сайта,57240.7
2026-03-13,Аренда,Аренда офиса,61500.96
2026-05-14,Логистика,Экспресс-доставка,5362.55
2026-05-21,Закупка товара,Закупка — расходники упаковка,134396.76
2026-05-14,IT,1С — обслуживание,7831.47
2026-05-19,Маркетинг,Яндекс.Директ,87718.68
2026-03-20,Аренда,Коммунальные услуги склад,183182.74
2026-06-15,Офис,Новогодний корпоратив,2189.44
2026-06-06,Логистика,Курьерская служба,8965.8
2026-02-12,Зарплаты,Больничный,28754.94
2026-02-08,Маркетинг,SEO-продвижение,12059.26
2026-04-09,Зарплаты,Оклад — бухгалтер,139570.48
2026-05-31,Аренда,Парковка,38504.63
2026-03-26,Зарплаты,Оклад — бухгалтер,162978.71
2026-06-17,Зарплаты,Оклад — курьер,69165.06
2026-05-08,IT,Хостинг сайта,72938.74
2026-01-04,Офис,Канцелярия,20876.39
2026-06-20,Офис,Мебель,9956.28
2026-03-11,Зарплаты,Оклад — дизайнер,90679.28
2026-05-20,Офис,Подарки сотрудникам,20020.88
2026-02-13,IT,Телефония,76734.05
2026-04-08,Аренда,Аренда шоурума,176661.57
2026-06-15,Маркетинг,Дизайн баннеров,138858.42
2026-04-08,Зарплаты,Оклад — бухгалтер,55884.92
2026-01-02,Закупка товара,Закупка — сезонная коллекция,320245.38
2026-01-21,Аренда,Коммунальные услуги офис,225307.59
2026-01-21,Закупка товара,Таможенные сборы,336799.52
2026-05-31,Закупка товара,Таможенные сборы,87068.03
2026-06-21,Зарплаты,Больничный,179494.61
2026-06-24,Закупка товара,Закупка — поставщик Китай,303297.33
2026-02-04,Офис,Обеды для команды,19879.97
2026-04-26,Зарплаты,Оклад — кладовщик,75970.41
2026-05-19,Офис,Вода и кофе,17259.81
2026-06-25,Закупка товара,Закупка — расходники упаковка,178353.88
2026-05-15,Аренда,Аренда шоурума,170313.55
2026-01-15,Закупка товара,Закупка — новый поставщик,25464.3
2026-04-26,Закупка товара,Закупка — новый поставщик,195457.26
2026-06-18,Логистика,Доставка Boxberry,36133.61
2026-01-31,Аренда,Аренда офиса,198050.54
2026-05-06,Маркетинг,SEO-продвижение,144137.29
2026-01-24,Зарплаты,Оклад — кладовщик,156404.99
2026-03-07,Закупка товара,Закупка — сезонная коллекция,224890.49
2026-01-15,Логистика,Возврат товара — доставка,31157.77
2026-06-21,IT,Хостинг сайта,65522.17
2026-03-03,Зарплаты,Оклад — менеджер,120295.49
2026-03-23,Зарплаты,Больничный,45811.39
2026-01-21,Аренда,Парковка,209594.59
2026-01-04,Офис,Ремонт офиса,18105.66
2026-01-30,Логистика,Курьерская служба,30767.97
2026-02-22,IT,CRM — подписка,3368.43
2026-06-16,IT,Хостинг сайта,17529.13
2026-06-20,Маркетинг,Таргет ВКонтакте,52549.68
2026-03-13,Закупка товара,Закупка — расходники упаковка,209165.18
2026-02-19,Закупка товара,Закупка — сезонная коллекция,20114.83
2026-06-23,Логистика,Доставка Boxberry,16858.35
2026-05-05,Маркетинг,Таргет ВКонтакте,71706.56
2026-01-08,IT,1С — обслуживание,2856.94
2026-01-01,IT,CRM — подписка,79355.14
2026-01-21,Маркетинг,SEO-продвижение,88169.77
2026-06-06,Зарплаты,Оклад — дизайнер,90518.07
2026-05-22,Логистика,Доставка по Москве,33340.66
2026-04-16,Логистика,Доставка СДЭК,28038.71
2026-06-13,Офис,Мебель,4799.63
2026-03-31,Офис,Уборка офиса,16511.59
2026-03-25,Аренда,Коммунальные услуги склад,40267.82
2026-01-04,Маркетинг,Яндекс.Директ,62471.2
2026-06-20,Офис,Вода и кофе,1808.31
2026-03-27,Зарплаты,Больничный,27298.98
2026-04-12,Офис,Вода и кофе,3420.84
2026-05-18,Логистика,Доставка Boxberry,43124.81
2026-06-12,Аренда,Аренда шоурума,245330.81
2026-02-25,IT,Техподдержка,64357.6
2026-03-12,Аренда,Коммунальные услуги склад,153449.74
2026-03-08,Закупка товара,Закупка — поставщик РФ,95312.95
2026-04-01,Маркетинг,Промо-акция,39357.89
2026-06-21,Маркетинг,Дизайн баннеров,54580.06
2026-04-16,Закупка товара,Закупка — новый поставщик,85579.04
2026-01-18,Аренда,Парковка,27232.56
2026-04-14,Зарплаты,Оклад — курьер,69874.86
2026-05-12,Зарплаты,Премия квартальная,58413.19
2026-03-06,Маркетинг,Контент для соцсетей,32323.77
2026-02-04,Офис,Уборка офиса,12541.25
2026-04-19,Закупка товара,Закупка — образцы,225433.85
2026-06-24,Маркетинг,Яндекс.Директ,64659.49
2026-04-12,IT,Разработка сайта,47191.05
2026-01-28,Маркетинг,Email-рассылка,48868.38
2026-03-12,Логистика,Курьерская служба,4638.45
2026-02-20,Маркетинг,Промо-акция,90667.57
2026-01-15,IT,Домен — продление,49392.65
2026-06-23,Аренда,Аренда шоурума,149014.96
2026-01-15,Офис,Подарки сотрудникам,21710.69
2026-05-10,Логистика,Доставка Почта России,24563.44
2026-01-18,Логистика,Доставка по Москве,44740.27
2026-06-29,Закупка товара,Закупка — новый поставщик,39216.57
2026-06-15,Маркетинг,Email-рассылка,99146.41
2026-02-18,Офис,Вода и кофе,18557.63
2026-02-26,Аренда,Аренда склада,85578.48
2026-01-17,Зарплаты,Оклад — менеджер,70185.1
2026-06-07,IT,Облачное хранилище,63488.78
2026-06-22,Маркетинг,Блогер — интеграция,48041.63
2026-04-20,Зарплаты,Оклад — дизайнер,25104.77
2026-04-19,Маркетинг,Промо-акция,121470.69
2026-06-15,IT,Облачное хранилище,75039.66
2026-03-19,Логистика,Курьерская служба,27992.22
2026-02-11,Зарплаты,Премия квартальная,59951.96
2026-02-24,Логистика,Международная доставка,44507.98
2026-04-22,Аренда,Аренда офиса,180901.27
2026-03-30,IT,Разработка сайта,23265.78
2026-03-27,Зарплаты,Оклад — дизайнер,176645.59
2026-02-27,Закупка товара,Закупка — поставщик РФ,116723.52
2026-01-23,Офис,Ремонт офиса,8612.22
2026-06-26,Маркетинг,Таргет ВКонтакте,149043.97
2026-04-25,Зарплаты,Оклад — бухгалтер,98819.23
2026-03-11,Зарплаты,Оклад — маркетолог,122963.27
2026-05-28,Закупка товара,Закупка — расходники упаковка,165523.82
2026-06-15,Аренда,Парковка,68949.75
2026-05-20,Офис,Ремонт офиса,10565.53
2026-03-03,Маркетинг,Промо-акция,23886.58
2026-01-06,Офис,Уборка офиса,16365.32
2026-06-28,Аренда,Коммунальные услуги офис,201547.23
2026-05-02,Зарплаты,Оклад — дизайнер,29690.94
2026-05-04,Закупка товара,Закупка — расходники упаковка,225011.55
2026-02-06,Зарплаты,Подработка — сезон,124843.39
2026-06-20,Закупка товара,Закупка — допартия,88245.95
2026-04-28,Логистика,Доставка по Москве,15214.36
2026-06-04,IT,CRM — подписка,74581.42
2026-06-07,IT,Хостинг сайта,35681.69
2026-04-10,Маркетинг,Дизайн баннеров,147691.49
2026-03-29,Логистика,Доставка СДЭК,33353.46
2026-03-12,Логистика,Доставка Boxberry,29848.81
2026-03-21,Логистика,Экспресс-доставка,23224.29
2026-03-24,Зарплаты,Оклад — курьер,146477.34
2026-06-19,Зарплаты,Премия квартальная,87455.42
2026-04-01,Маркетинг,Дизайн баннеров,120331.23
2026-04-16,Закупка товара,Закупка — поставщик Китай,56025.63
2026-05-03,Зарплаты,Оклад — менеджер,174712.25
2026-01-19,Маркетинг,Email-рассылка,118783.36
2026-01-25,Маркетинг,SEO-продвижение,34333.63
2026-06-27,Офис,Ремонт офиса,23905.27
2026-02-23,Логистика,Международная доставка,42479.49
2026-04-23,Маркетинг,Дизайн баннеров,83904.34
2026-06-15,Аренда,Аренда офиса,73229.8
2026-06-09,Логистика,Транспортировка со склада,14352.57
2026-03-22,IT,Техподдержка,41600.26
2026-03-23,Зарплаты,Оклад — менеджер,158245.5
2026-06-25,IT,Облачное хранилище,9908.12
2026-06-15,Аренда,Аренда офиса,231798.0
2026-05-17,IT,Хостинг сайта,45044.59
2026-04-01,IT,Техподдержка,37341.87
2026-02-11,Логистика,Доставка Boxberry,5174.69
2026-02-13,Закупка товара,Закупка — расходники упаковка,260643.13
2026-05-05,Аренда,Аренда шоурума,204642.3
2026-04-09,IT,Антивирус — лицензия,48116.31
2026-05-22,IT,Облачное хранилище,33747.54
2026-06-17,IT,Хостинг сайта,19381.12
2026-03-13,IT,Разработка сайта,16169.83
2026-05-17,Аренда,Коммунальные услуги склад,190345.38
2026-03-10,Закупка товара,Сертификация товара,291300.9
2026-06-30,Офис,Вода и кофе,2734.19
2026-05-21,Зарплаты,Оклад — дизайнер,169886.41
2026-03-26,IT,Антивирус — лицензия,16758.21
2026-05-05,Офис,Обеды для команды,6222.19
2026-06-08,Закупка товара,Закупка — поставщик РФ,40855.3
2026-05-03,Офис,Обеды для команды,23700.46
2026-03-12,Зарплаты,Оклад — дизайнер,30807.18
2026-06-19,Закупка товара,Закупка — допартия,89258.06
2026-04-23,IT,Хостинг сайта,37358.87
2026-06-10,Зарплаты,Больничный,158958.27
2026-06-22,Офис,Ремонт офиса,17321.98
2026-01-30,Аренда,Коммунальные услуги склад,230244.12
2026-06-25,Аренда,Коммунальные услуги офис,157865.33
2026-02-11,Аренда,Аренда шоурума,177553.6
2026-02-04,Аренда,Аренда склада,15021.7
2026-06-10,Аренда,Аренда офиса,187241.14
2026-04-15,Закупка товара,Закупка — поставщик РФ,59003.75
2026-04-15,IT,Домен — продление,72145.42
2026-01-29,Аренда,Парковка,106433.92
2026-02-16,Маркетинг,Реклама Telegram,32509.34
2026-03-15,IT,1С — обслуживание,28463.02
2026-03-10,IT,Разработка сайта,27462.43
2026-06-10,Маркетинг,Яндекс.Директ,52831.16
2026-03-18,Зарплаты,Оклад — менеджер,94249.37
2026-06-18,Закупка товара,Закупка — расходники упаковка,332061.73
2026-01-20,Маркетинг,Email-рассылка,93533.7
2026-03-02,Логистика,Курьерская служба,28850.67
2026-05-10,Маркетинг,Контент для соцсетей,52515.37
2026-04-16,Аренда,Аренда шоурума,42151.01
2026-06-21,Офис,Обеды для команды,3298.81
2026-01-30,Маркетинг,SEO-продвижение,12437.6
2026-06-06,Логистика,Курьерская служба,27425.58
2026-03-11,IT,Разработка сайта,2928.62
2026-05-05,Аренда,Аренда склада,66422.49
2026-01-02,Логистика,Транспортировка со склада,23887.19
2026-02-12,IT,Антивирус — лицензия,72292.99
2026-05-28,Логистика,Возврат товара — доставка,1588.36
2026-03-24,Маркетинг,Реклама Telegram,82455.84
2026-06-04,Маркетинг,Таргет ВКонтакте,75652.36
2026-02-05,Логистика,Возврат товара — доставка,38755.14
2026-06-24,Закупка товара,Закупка — поставщик Китай,106143.46
2026-05-16,Аренда,Аренда склада,209345.84
2026-04-02,Логистика,Международная доставка,33536.38
2026-01-12,Закупка товара,Сертификация товара,52090.87
2026-02-28,Аренда,Аренда шоурума,154691.95
2026-06-20,IT,Антивирус — лицензия,55685.5
2026-04-28,Аренда,Парковка,200212.04
2026-06-11,Закупка товара,Закупка — допартия,68323.19
2026-01-15,IT,Хостинг сайта,40572.13
2026-04-27,Зарплаты,Премия квартальная,132950.83
2026-05-25,Закупка товара,Закупка — сезонная коллекция,144788.26
2026-05-28,Логистика,Доставка СДЭК,40361.58
2026-03-04,Офис,Вода и кофе,9148.74
2026-03-02,Маркетинг,Контент для соцсетей,111092.61
2026-05-12,Маркетинг,Яндекс.Директ,132114.94
2026-03-22,Закупка товара,Закупка — сезонная коллекция,209876.55
2026-06-19,Офис,Подарки сотрудникам,5519.87
2026-02-10,Офис,Новогодний корпоратив,22216.51
2026-05-14,Логистика,Доставка Boxberry,13905.14
2026-01-04,Маркетинг,Промо-акция,5524.25
2026-05-18,Аренда,Аренда офиса,226890.17
2026-01-23,Зарплаты,Оклад — курьер,104868.5
2026-06-19,Маркетинг,Яндекс.Директ,146704.48
2026-05-10,Зарплаты,Оклад — дизайнер,105386.72
2026-05-11,Аренда,Аренда склада,87828.12
2026-03-07,IT,Домен — продление,56845.44
2026-06-07,Аренда,Аренда офиса,136000.63
2026-06-26,Логистика,Возврат товара — доставка,27696.98
2026-01-29,Аренда,Коммунальные услуги склад,106909.74
2026-05-26,Маркетинг,SEO-продвижение,52715.14
2026-02-22,Аренда,Аренда склада,58379.51
2026-06-01,,Непонятный платёж,12300.0
2026-03-03,Офис,Канцелярия,19703.14
2026-01-31,Офис,Обеды для команды,24369.34
2026-05-15,Логистика,Доставка СДЭК,17611.59
2026-02-05,Зарплаты,Оклад — курьер,137409.13
2026-05-30,Маркетинг,Блогер — интеграция,128625.05
2026-03-16,Офис,Подарки сотрудникам,971.77
2026-04-26,Маркетинг,Дизайн баннеров,17933.83
2026-01-19,IT,Домен — продление,40121.03
2026-04-03,Логистика,Доставка СДЭК,41082.2
2026-06-06,Аренда,Аренда склада,142195.98
2026-05-29,IT,Антивирус — лицензия,75719.39
2026-04-17,Зарплаты,Оклад — менеджер,80943.54
2026-03-23,Офис,Вода и кофе,20083.15
2026-05-21,Закупка товара,Сертификация товара,161363.87
2026-06-05,Маркетинг,Дизайн баннеров,59834.88
2026-03-18,Закупка товара,Закупка — расходники упаковка,211411.35
2026-03-25,Закупка товара,Закупка — новый поставщик,148548.67
2026-03-21,Маркетинг,SEO-продвижение,36724.07
2026-02-27,Закупка товара,Закупка — поставщик РФ,176263.36
2026-04-29,Аренда,Аренда шоурума,107417.83
2026-05-02,IT,CRM — подписка,12323.33
2026-05-11,Офис,Ремонт офиса,21884.86
2026-01-11,IT,Техподдержка,55042.17
2026-05-01,Закупка товара,Закупка — допартия,322167.74
2026-06-20,Закупка товара,Закупка — образцы,279276.1
2026-03-02,Офис,Обеды для команды,14531.5
2026-03-09,Офис,Канцелярия,15124.29
2026-06-15,IT,CRM — подписка,31332.83
2026-05-13,Офис,Новогодний корпоратив,11233.45
2026-06-04,Маркетинг,Реклама Telegram,25288.89
2026-02-22,Офис,Мебель,21882.19
2026-06-20,Логистика,Доставка Boxberry,10126.53
2026-06-30,Логистика,Экспресс-доставка,21866.89
2026-01-31,Зарплаты,Оклад — бухгалтер,95865.39
2026-03-20,Логистика,Доставка СДЭК,7692.69
2026-03-21,IT,1С — обслуживание,69144.43
2026-03-07,Логистика,Транспортировка со склада,31298.75
2026-05-19,Закупка товара,Закупка — поставщик Китай,336150.56
2026-05-15,Закупка товара,Сертификация товара,255551.05
2026-04-05,Офис,Новогодний корпоратив,7263.13
2026-03-25,Зарплаты,Оклад — менеджер,173767.18
2026-01-27,Маркетинг,Таргет ВКонтакте,89710.59
2026-06-03,Аренда,Аренда офиса,123052.85
2026-02-11,Маркетинг,Реклама Telegram,17133.48
2026-03-02,IT,1С — обслуживание,39919.57
2026-06-18,Закупка товара,Закупка — поставщик РФ,37150.54
2026-04-14,IT,Техподдержка,64157.45
2026-06-10,Закупка товара,Закупка — новый поставщик,327449.4
2026-02-25,Закупка товара,Закупка — новый поставщик,126448.49
2026-02-20,Закупка товара,Закупка — новый поставщик,106841.34
2026-06-28,IT,Телефония,31553.33
2026-06-11,Офис,Уборка офиса,12854.3
2026-05-12,Аренда,Парковка,60240.41
2026-02-25,Офис,Подарки сотрудникам,3757.57
2026-05-13,Логистика,Транспортировка со склада,14086.52
2026-01-29,Офис,Обеды для команды,11715.11
2026-05-12,Аренда,Аренда шоурума,149592.86
2026-04-06,Логистика,Доставка СДЭК,1960.11
2026-06-20,Маркетинг,SEO-продвижение,142359.62
2026-02-01,Закупка товара,Закупка — поставщик РФ,66146.63
2026-04-05,Закупка товара,Таможенные сборы,224068.01
2026-02-01,Зарплаты,Оклад — кладовщик,146323.71
2026-05-18,Зарплаты,Оклад — кладовщик,40064.76
2026-01-19,Закупка товара,Закупка — сезонная коллекция,220569.82
2026-02-16,Закупка товара,Закупка — новый поставщик,56652.44
2026-06-01,Зарплаты,Оклад — кладовщик,77769.77
2026-06-08,Офис,Канцелярия,8516.75
2026-02-20,Логистика,Доставка СДЭК,1964.84
2026-05-27,Логистика,Международная доставка,20433.15
2026-06-12,Логистика,Курьерская служба,41584.94
2026-04-08,IT,Облачное хранилище,15319.58
2026-03-19,Аренда,Аренда склада,226152.6
2026-01-04,Логистика,Доставка СДЭК,38754.05
2026-04-04,Офис,Новогодний корпоратив,21182.13
2026-01-03,Офис,Ремонт офиса,10525.48
2026-02-14,IT,Разработка сайта,46523.51
2026-04-14,Аренда,Коммунальные услуги офис,204721.34
2026-01-15,Маркетинг,Контент для соцсетей,12342.61
2026-04-09,Маркетинг,Контент для соцсетей,113107.71
2026-02-04,Аренда,Коммунальные услуги офис,18831.08
2026-04-07,Зарплаты,Премия квартальная,56311.83
2026-01-20,Аренда,Аренда шоурума,214688.19
2026-02-19,Маркетинг,Контент для соцсетей,55426.72
2026-02-20,Маркетинг,Таргет ВКонтакте,95369.29
2026-01-02,Аренда,Аренда офиса,16285.32
2026-06-03,Аренда,Аренда офиса,24356.88
2026-04-10,Логистика,Международная доставка,39406.23
2026-05-25,IT,Техподдержка,43054.85
2026-02-22,Зарплаты,Оклад — бухгалтер,91852.83
2026-01-28,Закупка товара,Закупка — поставщик РФ,102533.84
2026-05-14,Маркетинг,Контент для соцсетей,104875.02
2026-06-16,Закупка товара,Таможенные сборы,112990.58
2026-04-21,Аренда,Аренда шоурума,27232.24
2026-04-25,Маркетинг,Яндекс.Директ,107718.67
2026-03-13,Маркетинг,Дизайн баннеров,135591.98
2026-06-19,Закупка товара,Закупка — поставщик РФ,267259.15
2026-05-05,Маркетинг,Реклама Telegram,118252.82
2026-02-24,Логистика,Доставка Boxberry,13335.75
2026-03-06,IT,Разработка сайта,40927.32
2026-05-08,Зарплаты,Больничный,81718.24
2026-04-14,Аренда,Коммунальные услуги офис,85633.7
2026-06-04,Логистика,Экспресс-доставка,36088.62
2026-06-26,IT,Разработка сайта,60167.93
2026-01-02,Маркетинг,Блогер — интеграция,134661.35
2026-04-30,Аренда,Аренда склада,174840.77
2026-04-28,IT,Домен — продление,15879.93
2026-05-19,Аренда,Аренда офиса,90875.97
2026-04-25,Закупка товара,Закупка — сезонная коллекция,46497.25
2026-02-10,Аренда,Аренда шоурума,160125.43
2026-05-02,Маркетинг,Яндекс.Директ,8839.63
2026-03-27,Аренда,Коммунальные услуги склад,36905.84
2026-05-29,Логистика,Курьерская служба,38240.51
2026-01-20,Маркетинг,Дизайн баннеров,117309.44
2026-01-08,Офис,Ремонт офиса,14458.96
2026-02-21,Офис,Обеды для команды,1406.1
2026-04-08,Закупка товара,Закупка — поставщик РФ,304286.73
2026-03-02,Офис,Подарки сотрудникам,10380.29
2026-05-14,Логистика,Доставка по Москве,24844.66
2026-04-05,Зарплаты,Премия квартальная,30071.02
2026-06-04,Зарплаты,Оклад — курьер,159660.98
2026-03-18,Маркетинг,Контент для соцсетей,60513.11
2026-05-27,Зарплаты,Оклад — бухгалтер,61586.38
2026-05-07,Аренда,Коммунальные услуги офис,246139.17
2026-02-15,Маркетинг,Блогер — интеграция,30038.55
2026-06-29,Маркетинг,SEO-продвижение,99979.34
2026-01-22,Аренда,Коммунальные услуги офис,34918.35
2026-03-19,Закупка товара,Закупка — образцы,88262.22
2026-02-22,Логистика,Возврат товара — доставка,29025.91
2026-06-11,Закупка товара,Закупка — новый поставщик,183063.71
2026-01-21,Закупка товара,Сертификация товара,175359.35
2026-01-20,Маркетинг,Дизайн баннеров,81974.63
2026-02-28,Зарплаты,Оклад — маркетолог,47058.88
2026-03-03,Закупка товара,Закупка — образцы,103044.9
2026-02-13,Закупка товара,Закупка — поставщик РФ,178387.73
2026-03-01,Зарплаты,Оклад — дизайнер,70145.19
2026-04-09,Маркетинг,Реклама Telegram,91902.51
2026-04-19,Аренда,Аренда склада,247216.4
2026-03-06,Закупка товара,Закупка — поставщик Китай,166833.41
2026-06-02,Логистика,Транспортировка со склада,11391.33
2026-06-17,Аренда,Аренда склада,245457.62
2026-06-15,Маркетинг,Яндекс.Директ,117589.16
2026-03-06,Логистика,Международная доставка,4692.24
2026-03-12,Закупка товара,Закупка — допартия,124878.91
2026-04-16,IT,CRM — подписка,60489.75
2026-05-12,Зарплаты,Оклад — маркетолог,38135.29
2026-05-25,IT,Домен — продление,63901.95
2026-03-10,Закупка товара,Таможенные сборы,164627.8
2026-03-02,IT,Домен — продление,51588.24
2026-01-14,Маркетинг,Таргет ВКонтакте,55477.57
2026-03-24,Зарплаты,Подработка — сезон,37424.32
2026-03-16,Аренда,Аренда склада,194979.26
2026-01-05,Логистика,Доставка Boxberry,28802.53
2026-04-19,Офис,Мебель,17976.73
2026-03-08,Офис,Обеды для команды,24937.99
2026-05-27,IT,1С — обслуживание,30059.44
2026-03-28,Логистика,Экспресс-доставка,43904.17
2026-06-25,Закупка товара,Таможенные сборы,232727.11
2026-01-12,Закупка товара,Закупка — сезонная коллекция,84800.03
2026-04-27,Аренда,Парковка,138232.99
2026-05-02,Логистика,Возврат товара — доставка,19197.02
2026-05-06,Маркетинг,Промо-акция,52340.36
2026-04-08,Закупка товара,Сертификация товара,250692.71
2026-06-10,Аренда,Парковка,22717.52
2026-06-17,IT,Разработка сайта,56972.48
2026-03-26,Офис,Обеды для команды,18352.34
2026-04-27,Логистика,Курьерская служба,12350.82
2026-04-10,Логистика,Доставка СДЭК,8347.04
2026-03-13,Маркетинг,Контент для соцсетей,22757.85
2026-03-08,Маркетинг,SEO-продвижение,82870.78
2026-06-24,Аренда,Коммунальные услуги склад,56695.09
2026-02-21,IT,Хостинг сайта,17368.77
2026-02-27,Маркетинг,Реклама Telegram,99196.97
2026-06-07,Закупка товара,Закупка — поставщик РФ,66210.65
2026-02-12,Логистика,Международная доставка,38783.7
2026-04-23,Логистика,Доставка по Москве,39211.14
2026-06-09,Зарплаты,Оклад — дизайнер,29582.51
2026-02-05,Закупка товара,Закупка — поставщик Китай,109653.73
2026-05-18,Маркетинг,Дизайн баннеров,122789.85
2026-04-21,Логистика,Курьерская служба,24695.94
2026-04-20,Маркетинг,Таргет ВКонтакте,97051.56
2026-01-18,Аренда,Коммунальные услуги склад,59364.47
2026-05-24,Закупка товара,Закупка — образцы,334909.35
2026-01-10,Аренда,Аренда офиса,226493.07
2026-06-10,Логистика,Доставка Boxberry,22687.16
2026-03-19,Зарплаты,Оклад — менеджер,153301.17
2026-01-16,Маркетинг,Промо-акция,148567.88
2026-05-09,Зарплаты,Оклад — кладовщик,156173.07
2026-06-03,Аренда,Аренда офиса,22898.2
2026-01-22,Зарплаты,Премия квартальная,153212.72
2026-02-09,Офис,Подарки сотрудникам,8836.14
2026-01-11,Офис,Ремонт офиса,14149.74
2026-02-06,IT,1С — обслуживание,53089.99
2026-03-17,Офис,Вода и кофе,18489.8
2026-05-28,Аренда,Аренда офиса,55547.81
2026-04-11,Маркетинг,SEO-продвижение,96339.22
2026-04-19,Офис,Вода и кофе,8254.0
2026-01-08,Офис,Вода и кофе,3084.01
2026-06-14,Логистика,Доставка по Москве,14132.06
2026-06-05,Офис,Мебель,4471.13
2026-02-13,Офис,Мебель,14513.03
2026-04-04,Логистика,Доставка Boxberry,44633.22
2026-02-22,Маркетинг,Блогер — интеграция,69625.29
2026-01-26,Аренда,Аренда офиса,30474.14
2026-05-10,IT,CRM — подписка,44447.27
2026-05-27,IT,Антивирус — лицензия,61563.65
2026-05-13,Логистика,Международная доставка,36490.66
2026-06-08,Офис,Мебель,20038.13
2026-04-13,IT,Антивирус — лицензия,34462.44
2026-06-25,Офис,Новогодний корпоратив,22627.35
2026-06-19,Маркетинг,Блогер — интеграция,6230.76
2026-03-06,Аренда,Аренда офиса,112363.85
2026-01-09,Закупка товара,Закупка — поставщик Китай,333640.27
2026-02-14,Офис,Канцелярия,487000.0
2026-04-26,Логистика,Доставка Почта России,34928.82
2026-06-15,Закупка товара,Закупка — расходники упаковка,289327.07
2026-06-09,Аренда,Коммунальные услуги офис,123168.38
2026-01-09,IT,CRM — подписка,15112.47
2026-05-01,Логистика,Международная доставка,39396.26
2026-06-07,Зарплаты,Подработка — сезон,59340.21
2026-02-16,Аренда,Коммунальные услуги склад,80712.94
2026-03-01,Закупка товара,Закупка — сезонная коллекция,307871.93
2026-01-26,IT,Техподдержка,6928.81
2026-01-06,IT,Облачное хранилище,58921.92
2026-05-18,Логистика,Доставка Почта России,8198.85
2026-01-21,Аренда,Аренда склада,82593.13
2026-05-30,Маркетинг,Email-рассылка,90924.13
2026-01-17,IT,Техподдержка,15596.55
2026-04-01,Закупка товара,Закупка — новый поставщик,217844.19
2026-04-10,Аренда,Аренда склада,94942.48
2026-05-28,IT,Техподдержка,51503.79
2026-01-12,Офис,Вода и кофе,8665.6
2026-02-26,Маркетинг,Яндекс.Директ,49193.88
2026-04-25,Закупка товара,Закупка — сезонная коллекция,246601.8
2026-03-05,Логистика,Международная доставка,17154.38
2026-04-18,Закупка товара,Закупка — поставщик Китай,235360.0
2026-03-27,Логистика,Международная доставка,16179.88
2026-01-10,Офис,Вода и кофе,10515.3
2026-03-23,Зарплаты,Подработка — сезон,105652.08
2026-02-13,Зарплаты,Премия квартальная,57454.27
2026-05-29,Офис,Обеды для команды,18565.81
2026-01-08,Аренда,Аренда офиса,83850.75
2026-04-13,Маркетинг,Дизайн баннеров,137541.27
2026-05-12,Закупка товара,Сертификация товара,10670.2
2026-06-28,IT,CRM — подписка,9931.47
2026-03-28,Офис,Новогодний корпоратив,6682.01
2026-05-18,IT,Телефония,20436.97
2026-05-18,Офис,Обеды для команды,23532.2
2026-06-13,Зарплаты,Оклад — курьер,90359.49
2026-06-28,Аренда,Коммунальные услуги офис,54253.87
2026-01-06,Зарплаты,Подработка — сезон,67335.86
2026-01-27,Закупка товара,Закупка — поставщик Китай,242956.61
2026-02-04,Аренда,Аренда склада,181638.41
2026-04-03,IT,Телефония,76618.81
2026-03-09,Логистика,Экспресс-доставка,41583.28
2026-02-17,Аренда,Аренда шоурума,249221.14
2026-04-29,IT,Домен — продление,18621.05
2026-03-14,Логистика,Экспресс-доставка,19802.18
2026-05-26,Закупка товара,Закупка — поставщик РФ,335515.4
2026-05-16,Закупка товара,Закупка — сезонная коллекция,199194.64
2026-03-18,Офис,Вода и кофе,15083.16
2026-02-18,Закупка товара,Закупка — допартия,80556.57
2026-05-29,Офис,Мебель,10510.97
2026-05-02,Логистика,Доставка СДЭК,39708.84
2026-01-24,Зарплаты,Подработка — сезон,97054.6
2026-04-13,Аренда,Парковка,99046.01
2026-01-11,Маркетинг,Контент для соцсетей,16366.2
2026-03-16,Закупка товара,Закупка — расходники упаковка,252897.79
2026-06-16,Аренда,Коммунальные услуги офис,177785.58
2026-06-05,Закупка товара,Закупка — допартия,55487.27
2026-06-29,Аренда,Аренда офиса,222411.07
2026-03-28,Маркетинг,Email-рассылка,72373.4
2026-01-05,Аренда,Коммунальные услуги склад,61695.17
2026-04-14,Логистика,Международная доставка,13368.97
2026-05-18,Зарплаты,Оклад — дизайнер,43786.57
2026-02-18,Закупка товара,Закупка — допартия,147824.06
2026-05-08,Закупка товара,Закупка — образцы,9211.68
2026-06-01,Маркетинг,SEO-продвижение,116105.59
2026-05-01,Маркетинг,SEO-продвижение,74311.01
2026-04-24,Аренда,Коммунальные услуги склад,20808.78
2026-02-23,Закупка товара,Закупка — поставщик РФ,264960.33
2026-02-22,Аренда,Коммунальные услуги склад,179939.03
2026-03-18,Зарплаты,Оклад — маркетолог,156647.84
2026-02-01,Логистика,Возврат товара — доставка,27483.16
2026-01-31,Аренда,Аренда склада,159688.74
2026-06-26,Закупка товара,Таможенные сборы,319073.04
2026-06-06,IT,Облачное хранилище,25980.95
2026-05-20,Зарплаты,Оклад — кладовщик,163167.08
2026-03-09,Логистика,Возврат товара — доставка,43037.77
2026-06-22,Закупка товара,Закупка — расходники упаковка,120146.46
2026-01-06,Логистика,Возврат товара — доставка,19252.93
2026-06-03,Логистика,Доставка Почта России,20813.1
2026-05-05,Офис,Новогодний корпоратив,11640.04
2026-06-06,Логистика,Доставка Boxberry,11368.69
2026-01-27,Маркетинг,SEO-продвижение,22651.61
2026-01-21,Зарплаты,Оклад — менеджер,79154.14
2026-05-22,Аренда,Аренда шоурума,112147.89
2026-06-30,Закупка товара,Сертификация товара,186204.53
2026-04-02,Зарплаты,Оклад — курьер,119675.4
2026-03-25,Закупка товара,Таможенные сборы,19021.14
2026-03-29,Офис,Обеды для команды,3893.48
2026-02-13,Маркетинг,Блогер — интеграция,105786.65
2026-05-15,Зарплаты,Подработка — сезон,134701.87
2026-06-26,Аренда,Парковка,173343.74
2026-06-17,Аренда,Аренда офиса,18523.72
2026-01-20,Закупка товара,Закупка — поставщик Китай,294478.63
2026-01-24,Аренда,Аренда шоурума,71179.66
2026-03-22,Маркетинг,Дизайн баннеров,103865.7
2026-01-25,Аренда,Аренда офиса,142362.22
2026-02-03,Маркетинг,Реклама Telegram,34458.05
2026-05-15,Офис,Обеды для команды,24689.63
2026-05-11,Маркетинг,Контент для соцсетей,15459.36
2026-03-09,Маркетинг,Таргет ВКонтакте,115828.74
2026-05-10,Закупка товара,Закупка — расходники упаковка,175077.91
2026-02-04,Аренда,Парковка,184230.61
2026-06-19,Маркетинг,Яндекс.Директ,2079.32
2026-05-07,Закупка товара,Таможенные сборы,251899.21
2026-06-21,Маркетинг,Блогер — интеграция,100558.04
2026-02-24,Зарплаты,Оклад — курьер,92454.46
2026-02-19,Закупка товара,Закупка — поставщик Китай,292054.76
2026-06-27,Аренда,Коммунальные услуги склад,46618.26
2026-06-26,Маркетинг,Дизайн баннеров,5211.8
2026-02-11,Аренда,Парковка,39580.97
2026-05-06,Логистика,Курьерская служба,40678.0
2026-01-07,Офис,Уборка офиса,9747.79
2026-06-07,Логистика,Доставка Boxberry,36645.95
2026-01-11,Маркетинг,Email-рассылка,61920.28
2026-04-28,Маркетинг,Контент для соцсетей,132598.78
2026-02-11,Зарплаты,Больничный,148375.76
2026-03-24,Логистика,Курьерская служба,32804.31
2026-05-18,Офис,Мебель,8230.92
2026-01-18,IT,1С — обслуживание,40887.83
2026-04-04,IT,CRM — подписка,3384.67
2026-05-21,Маркетинг,Промо-акция,116079.72
2026-03-02,Аренда,Коммунальные услуги офис,188250.54
2026-02-03,Зарплаты,Оклад — маркетолог,159544.67
2026-02-07,IT,1С — обслуживание,26956.2
2026-06-01,Логистика,Доставка СДЭК,31025.01
2026-06-19,Офис,Новогодний корпоратив,22338.62
2026-05-05,IT,CRM — подписка,39163.29
2026-05-29,Зарплаты,Больничный,177357.34
2026-06-14,Зарплаты,Оклад — маркетолог,45879.58
2026-04-19,IT,Хостинг сайта,8291.58
2026-03-08,Маркетинг,Блогер — интеграция,27417.09
2026-01-18,Логистика,Доставка Почта России,25001.15
2026-06-27,Закупка товара,Закупка — поставщик РФ,338833.87
2026-03-06,Маркетинг,Яндекс.Директ,143798.42
2026-04-20,Логистика,Курьерская служба,17443.77
2026-03-20,Логистика,Доставка СДЭК,8133.79
2026-04-21,Аренда,Аренда шоурума,99674.34
2026-01-12,IT,CRM — подписка,57973.46
2026-04-26,Закупка товара,Закупка — сезонная коллекция,335414.21
2026-01-12,Логистика,Доставка по Москве,6394.97
2026-03-11,Закупка товара,Закупка — новый поставщик,143292.89
2026-02-15,Зарплаты,Оклад — дизайнер,168277.49
2026-04-03,Офис,Мебель,2750.56
2026-05-12,Аренда,Коммунальные услуги склад,150040.46
2026-01-27,Офис,Ремонт офиса,2784.42
2026-02-09,Зарплаты,Оклад — дизайнер,167511.11
2026-03-16,Закупка товара,Закупка — расходники упаковка,169274.65
2026-03-09,Аренда,Коммунальные услуги склад,161948.43
2026-06-21,Зарплаты,Оклад — менеджер,57933.7
2026-06-29,Маркетинг,Реклама Telegram,77704.22
2026-02-10,Маркетинг,Реклама Telegram,122612.07
2026-05-19,Логистика,Транспортировка со склада,13273.55
2026-03-26,IT,Хостинг сайта,36872.06
2026-06-12,Офис,Новогодний корпоратив,5488.13
2026-02-23,Логистика,Возврат товара — доставка,41797.78
2026-06-17,Логистика,Курьерская служба,7352.92
2026-04-20,Офис,Уборка офиса,11028.11
2026-01-28,Офис,Ремонт офиса,21854.59
2026-06-04,IT,Разработка сайта,16060.75
2026-04-03,Закупка товара,Закупка — сезонная коллекция,176056.53
2026-06-05,Маркетинг,SEO-продвижение,24213.1
2026-06-24,Маркетинг,Дизайн баннеров,25494.97
2026-03-22,Логистика,Международная доставка,17206.89
2026-05-27,Зарплаты,Премия квартальная,175288.86
2026-02-17,Маркетинг,Дизайн баннеров,65549.25
2026-03-16,Маркетинг,Реклама Telegram,121619.79
2026-05-03,Закупка товара,Закупка — новый поставщик,39992.85
2026-02-03,Офис,Уборка офиса,19310.65
2026-04-09,Логистика,Возврат товара — доставка,38572.18
2026-05-07,Офис,Ремонт офиса,14076.91
2026-06-27,Маркетинг,SEO-продвижение,10269.57
2026-04-19,Маркетинг,Email-рассылка,20168.8
2026-01-21,Офис,Обеды для команды,23245.89
2026-06-26,Закупка товара,Таможенные сборы,138202.38
2026-04-09,Зарплаты,Больничный,38222.51
2026-03-28,Аренда,Коммунальные услуги склад,88191.91
2026-02-23,IT,Техподдержка,18144.31
2026-04-04,Закупка товара,Закупка — сезонная коллекция,200115.44
2026-03-20,Офис,Вода и кофе,12010.89
2026-02-23,Маркетинг,Блогер — интеграция,43699.93
2026-02-21,Логистика,Доставка по Москве,40497.55
2026-02-09,Логистика,Доставка по Москве,24564.37
2026-04-16,IT,Разработка сайта,27007.47
2026-02-26,Аренда,Коммунальные услуги склад,25743.13
2026-03-29,IT,Техподдержка,69099.14
2026-06-25,IT,CRM — подписка,67909.87
2026-02-04,Закупка товара,Таможенные сборы,311794.69
2026-04-20,Зарплаты,Подработка — сезон,40093.57
2026-05-11,Логистика,Международная доставка,29150.29
2026-01-22,Офис,Канцелярия,6388.21
2026-03-18,Маркетинг,Яндекс.Директ,29834.9
2026-06-24,Закупка товара,Закупка — расходники упаковка,335819.4
2026-05-18,IT,Домен — продление,46610.48
2026-06-11,Маркетинг,Email-рассылка,75940.48
2026-06-15,Зарплаты,Оклад — менеджер,129371.5
2026-01-21,IT,CRM — подписка,14428.71
2026-05-24,Маркетинг,Email-рассылка,29186.68
2026-06-10,Аренда,Парковка,152232.24
2026-05-16,Логистика,Курьерская служба,876.42
2026-01-10,Логистика,Доставка Почта России,18632.03
2026-02-09,Логистика,Курьерская служба,27123.05
2026-03-08,Офис,Обеды для команды,18936.31
2026-05-25,Маркетинг,Контент для соцсетей,101079.91
2026-05-09,IT,Техподдержка,74612.91
2026-03-18,Закупка товара,Закупка — поставщик РФ,305328.91
2026-06-25,IT,Телефония,8849.02
2026-03-24,Офис,Уборка офиса,1478.54
2026-01-09,Офис,Мебель,11658.09
2026-03-13,Маркетинг,Промо-акция,147569.71
2026-02-16,Логистика,Международная доставка,8620.8
2026-05-16,Аренда,Парковка,185428.71
2026-01-24,Логистика,Международная доставка,4696.76
2026-01-02,Офис,Подарки сотрудникам,4167.76
2026-01-02,Офис,Подарки сотрудникам,14819.94
2026-03-26,Логистика,Доставка по Москве,21927.11
2026-02-06,Офис,Подарки сотрудникам,23534.88
2026-01-16,Маркетинг,Email-рассылка,8155.38
2026-05-06,Закупка товара,Закупка — расходники упаковка,72522.69
2026-01-18,Маркетинг,Дизайн баннеров,44611.16
2026-03-14,IT,Хостинг сайта,12718.73
2026-01-22,IT,Домен — продление,37728.89
2026-02-27,Зарплаты,Оклад — бухгалтер,81701.89
2026-01-28,Офис,Подарки сотрудникам,5270.9
2026-03-06,Закупка товара,Закупка — поставщик РФ,91173.68
2026-06-05,Логистика,Экспресс-доставка,39137.69
2026-05-20,Закупка товара,Сертификация товара,104637.41
2026-03-30,Аренда,Коммунальные услуги склад,37877.26
2026-01-27,Аренда,Аренда склада,48719.32
2026-06-21,Зарплаты,Оклад — маркетолог,166489.12
2026-03-26,Закупка товара,Сертификация товара,194034.25
2026-01-15,Офис,Обеды для команды,19664.73
2026-05-10,Логистика,Доставка Почта России,42579.29
2026-03-31,Аренда,Коммунальные услуги склад,225438.5
2026-01-28,Маркетинг,Таргет ВКонтакте,24753.48
2026-03-06,Закупка товара,Таможенные сборы,67653.29
2026-05-28,Аренда,Аренда офиса,31018.03
2026-06-12,Закупка товара,Закупка — расходники упаковка,334599.24
2026-05-18,Аренда,Коммунальные услуги склад,58211.56
2026-03-12,Офис,Мебель,1196.84
2026-02-25,IT,Разработка сайта,75833.06
2026-04-30,Зарплаты,Оклад — курьер,76286.62
2026-03-18,Маркетинг,Email-рассылка,42842.36
2026-06-17,Аренда,Парковка,73870.62
2026-04-24,Логистика,Доставка Boxberry,31313.32
2026-06-27,Маркетинг,Блогер — интеграция,92441.28
2026-03-03,Маркетинг,Яндекс.Директ,132864.43
2026-01-11,IT,Разработка сайта,2231.8
2026-06-13,Закупка товара,Закупка — сезонная коллекция,277393.7
2026-05-06,Офис,Уборка офиса,14095.36
2026-01-17,Закупка товара,Закупка — поставщик РФ,319084.21
2026-01-23,Маркетинг,SEO-продвижение,69172.23
2026-06-02,IT,Облачное хранилище,10031.51
2026-05-02,IT,CRM — подписка,11142.93
2026-02-13,Аренда,Аренда склада,32437.09
2026-04-09,Логистика,Экспресс-доставка,22622.11
2026-05-15,Маркетинг,Дизайн баннеров,30760.68
2026-02-19,Закупка товара,Закупка — образцы,343276.17
2026-01-31,Аренда,Аренда склада,106532.94
2026-04-03,Закупка товара,Закупка — расходники упаковка,288880.74
2026-02-08,Закупка товара,Закупка — образцы,147522.0
2026-03-12,Зарплаты,Оклад — кладовщик,77123.97
2026-01-19,Аренда,Аренда шоурума,202564.54
2026-01-31,Аренда,Аренда шоурума,146731.46
2026-01-10,Зарплаты,Оклад — курьер,85182.61
2026-02-04,Маркетинг,Блогер — интеграция,51069.58
2026-05-16,Аренда,Аренда офиса,141754.07
2026-04-06,IT,Антивирус — лицензия,14021.12
2026-01-07,Офис,Ремонт офиса,19287.43
2026-06-11,Аренда,Парковка,52271.56
2026-05-01,Аренда,Коммунальные услуги склад,179956.07
2026-01-02,Зарплаты,Больничный,170052.93
2026-04-17,Закупка товара,Закупка — поставщик РФ,120433.03
2026-01-10,Логистика,Транспортировка со склада,34488.19
2026-06-28,IT,Облачное хранилище,71593.02
2026-01-04,Логистика,Экспресс-доставка,3451.73
2026-02-18,Маркетинг,Дизайн баннеров,4357.24
2026-01-11,Закупка товара,Закупка — расходники упаковка,155053.49
2026-01-21,IT,Домен — продление,31171.13
2026-02-21,Маркетинг,Email-рассылка,4613.88
2026-01-22,Логистика,Экспресс-доставка,44221.44
2026-02-21,Маркетинг,Контент для соцсетей,140696.85
2026-01-24,Логистика,Доставка СДЭК,36266.65
2026-05-21,Аренда,Аренда склада,113957.4
2026-06-02,Логистика,Доставка Почта России,21875.73
2026-04-29,Логистика,Экспресс-доставка,43568.63
2026-01-01,Аренда,Коммунальные услуги офис,242456.39
2026-01-14,Аренда,Аренда офиса,99700.26
2026-03-20,Зарплаты,Подработка — сезон,125551.81
2026-05-19,Офис,Новогодний корпоратив,18291.87
2026-01-06,IT,1С — обслуживание,2638.04
2026-06-06,Офис,Новогодний корпоратив,5915.91
2026-04-09,Зарплаты,Оклад — бухгалтер,55244.92
2026-04-26,Офис,Уборка офиса,17525.26
2026-02-12,Закупка товара,Сертификация товара,320153.01
2026-01-30,Офис,Ремонт офиса,16406.37
2026-01-09,Зарплаты,Больничный,52580.74
2026-06-26,Зарплаты,Оклад — дизайнер,47331.22
2026-05-20,Логистика,Доставка по Москве,38737.0
2026-03-19,Закупка товара,Закупка — допартия,64411.47
2026-04-15,Маркетинг,Промо-акция,37310.81
2026-06-28,IT,Разработка сайта,22445.26
2026-05-28,Офис,Канцелярия,9374.53
2026-02-06,Офис,Подарки сотрудникам,20683.39
2026-05-27,IT,Разработка сайта,52439.27
2026-04-05,Офис,Ремонт офиса,11573.47
2026-03-22,Зарплаты,Оклад — кладовщик,84462.63
2026-06-03,Офис,Вода и кофе,4926.27
2026-03-10,Зарплаты,Подработка — сезон,177969.01
2026-06-27,Закупка товара,Закупка — допартия,161646.24
2026-04-14,Офис,Новогодний корпоратив,1091.43
2026-04-24,Зарплаты,Подработка — сезон,130448.75
2026-03-11,Зарплаты,Оклад — менеджер,38122.16
2026-06-15,Маркетинг,SEO-продвижение,128852.46
2026-04-12,IT,Домен — продление,45245.12
2026-04-11,Аренда,Парковка,86188.52
2026-01-23,Закупка товара,Закупка — сезонная коллекция,280513.89
2026-06-20,IT,1С — обслуживание,7146.89
2026-04-27,Аренда,Аренда шоурума,159952.55
2026-03-30,Офис,Уборка офиса,15109.64
2026-02-21,Аренда,Аренда склада,234035.78
2026-06-13,Закупка товара,Закупка — допартия,161657.25
2026-06-26,Зарплаты,Премия квартальная,95299.34
2026-03-12,IT,1С — обслуживание,70599.24
2026-06-28,Аренда,Коммунальные услуги офис,204085.94
2026-02-16,IT,Разработка сайта,16351.77
2026-02-14,Офис,Вода и кофе,4347.9
2026-01-03,Офис,Уборка офиса,10737.82
2026-06-21,Маркетинг,Email-рассылка,69139.28
2026-01-13,Закупка товара,Закупка — сезонная коллекция,226121.69
2026-05-07,Аренда,Аренда офиса,70260.82
2026-04-22,Логистика,Курьерская служба,14575.68
2026-03-30,IT,Хостинг сайта,10963.76
2026-06-15,Офис,Новогодний корпоратив,2289.13
2026-05-16,IT,Техподдержка,13667.13
2026-02-28,Маркетинг,Реклама Telegram,127595.21
2026-04-17,Офис,Мебель,601.86
2026-05-25,Закупка товара,Закупка — сезонная коллекция,220371.47
2026-01-01,Офис,Мебель,3310.37
2026-06-21,Логистика,Доставка Boxberry,6366.36
2026-02-19,Зарплаты,Оклад — маркетолог,46691.16
2026-04-26,Зарплаты,Оклад — курьер,96390.14
2026-02-26,Закупка товара,Сертификация товара,280954.52
2026-05-26,Зарплаты,Оклад — кладовщик,159837.02
2026-02-11,Закупка товара,Сертификация товара,104293.26
2026-03-29,Аренда,Аренда офиса,185183.9
2026-01-25,Зарплаты,Оклад — дизайнер,134464.74
2026-06-19,Закупка товара,Закупка — поставщик Китай,266191.81
2026-04-23,Закупка товара,Закупка — поставщик РФ,248709.7
2026-02-28,Логистика,Доставка Почта России,23063.56
2026-01-25,Логистика,Доставка по Москве,21069.84
2026-05-10,Зарплаты,Больничный,92907.16
2026-03-12,Логистика,Экспресс-доставка,32796.35
2026-01-31,Логистика,Доставка СДЭК,42139.95
2026-05-22,Аренда,Аренда склада,224082.49
2026-06-23,Аренда,Коммунальные услуги офис,59785.53
2026-01-01,Аренда,Аренда офиса,56761.45
2026-04-09,Зарплаты,Оклад — дизайнер,67134.13
2026-03-16,Офис,Уборка офиса,12710.2
2026-05-04,Маркетинг,Блогер — интеграция,129638.98
2026-03-11,Маркетинг,Промо-акция,144890.11
2026-05-06,Аренда,Аренда склада,214650.27
2026-05-05,Зарплаты,Больничный,122153.87
2026-05-23,Офис,Вода и кофе,20847.2
2026-03-28,Логистика,Доставка Boxberry,39277.18
2026-06-15,Закупка товара,Закупка — поставщик Китай,221967.17
2026-04-20,Закупка товара,Закупка — поставщик Китай,33961.87
2026-05-15,Маркетинг,Контент для соцсетей,66624.24
2026-04-16,IT,Разработка сайта,67685.64
2026-05-26,Аренда,Аренда шоурума,35115.51
2026-01-13,Маркетинг,Блогер — интеграция,75007.43
2026-06-07,Зарплаты,Больничный,149132.33
2026-01-25,Логистика,Экспресс-доставка,23384.45
2026-02-28,Офис,Вода и кофе,24326.17
2026-03-06,IT,1С — обслуживание,44079.05
2026-03-04,Офис,Ремонт офиса,20251.63
2026-03-13,Логистика,Курьерская служба,42438.43
2026-02-13,Закупка товара,Закупка — поставщик Китай,270540.05
2026-01-09,Зарплаты,Оклад — курьер,140308.22
2026-02-06,Логистика,Возврат товара — доставка,20672.14
2026-01-04,Маркетинг,Таргет ВКонтакте,124835.66
2026-05-01,IT,Хостинг сайта,25603.04
2026-05-28,Закупка товара,Закупка — сезонная коллекция,226227.16
2026-04-08,Офис,Уборка офиса,9777.63
2026-05-28,Маркетинг,Email-рассылка,124625.39
2026-05-26,Офис,Новогодний корпоратив,5737.42
2026-01-22,Аренда,Аренда офиса,182580.51
2026-05-08,Аренда,Аренда склада,73449.73
2026-01-31,Аренда,Коммунальные услуги офис,94160.34
2026-01-03,IT,Телефония,76633.94
2026-02-09,Закупка товара,Закупка — поставщик Китай,323139.75
2026-06-06,IT,Техподдержка,56579.65
2026-05-09,Закупка товара,Закупка — поставщик РФ,141890.88
2026-01-08,IT,Телефония,4468.48
2026-06-26,IT,Разработка сайта,45670.03
2026-06-03,Логистика,Транспортировка со склада,18270.64
2026-04-27,Зарплаты,Подработка — сезон,69979.96
2026-05-03,Аренда,Парковка,41394.17
2026-02-27,Офис,Вода и кофе,5945.21
2026-04-23,Аренда,Аренда офиса,127882.32
2026-04-27,Маркетинг,Реклама Telegram,51158.99
2026-01-10,Маркетинг,Дизайн баннеров,13845.88
2026-06-19,Логистика,Доставка Boxberry,4673.17
2026-05-25,Маркетинг,Реклама Telegram,73102.96
2026-03-21,Логистика,Доставка по Москве,34665.16
2026-06-15,Аренда,Коммунальные услуги офис,226898.61
2026-01-13,Логистика,Доставка СДЭК,42448.81
2026-03-07,Маркетинг,Блогер — интеграция,67042.36
2026-06-26,IT,Телефония,42008.87
2026-05-08,Аренда,Аренда офиса,131607.76
2026-03-15,Логистика,Транспортировка со склада,5766.64
2026-02-26,Логистика,Доставка Boxberry,28807.85
2026-06-06,Офис,Новогодний корпоратив,4575.29
2026-06-23,IT,1С — обслуживание,61156.41
2026-03-05,IT,Антивирус — лицензия,64376.58
2026-02-19,Закупка товара,Закупка — поставщик РФ,209545.84
2026-02-22,Логистика,Доставка Почта России,32877.88
2026-04-20,Маркетинг,Таргет ВКонтакте,121059.12
2026-02-08,Логистика,Доставка по Москве,36491.25
2026-01-30,Логистика,Возврат товара — доставка,34192.39
2026-01-10,Маркетинг,Блогер — интеграция,50860.98
2026-02-04,Логистика,Доставка по Москве,20304.63
2026-01-06,Аренда,Аренда шоурума,156849.97
2026-01-07,Аренда,Аренда офиса,229290.07
2026-03-06,Зарплаты,Оклад — маркетолог,41134.4
2026-02-10,Маркетинг,Дизайн баннеров,81951.23
2026-05-08,Аренда,Аренда шоурума,135511.89
2026-06-15,Логистика,Международная доставка,41088.98
2026-02-04,Офис,Подарки сотрудникам,9275.1
2026-04-13,Закупка товара,Закупка — допартия,171482.37
2026-04-15,,Перевод контрагенту,89000.0
2026-01-17,Аренда,Коммунальные услуги офис,243051.22
2026-03-06,Офис,Мебель,14387.74
2026-03-30,Офис,Уборка офиса,5665.99
2026-04-24,Маркетинг,Промо-акция,58295.95
2026-04-12,Логистика,Доставка по Москве,19202.8
2026-02-23,Закупка товара,Сертификация товара,46987.79
2026-05-24,Логистика,Доставка Почта России,30748.35
2026-04-06,IT,Разработка сайта,44267.56
2026-05-10,Аренда,Аренда шоурума,19868.21
2026-05-18,Зарплаты,Оклад — кладовщик,93041.75
2026-02-14,Логистика,Доставка СДЭК,27504.47
2026-03-05,Маркетинг,Email-рассылка,28112.45
2026-04-25,Аренда,Аренда шоурума,87400.06
2026-02-05,Офис,Уборка офиса,3426.35
2026-01-11,Аренда,Парковка,149419.36
2026-06-29,Аренда,Парковка,231919.99
2026-01-26,Закупка товара,Закупка — сезонная коллекция,155903.55
2026-01-20,Аренда,Парковка,30770.73
2026-03-18,Зарплаты,Больничный,174321.69
2026-01-18,Офис,Уборка офиса,12668.58
2026-03-16,Аренда,Коммунальные услуги офис,100240.2
2026-04-13,Маркетинг,Яндекс.Директ,99684.91
2026-06-13,Офис,Ремонт офиса,17412.11
2026-06-27,Офис,Обеды для команды,2050.45
2026-04-12,Зарплаты,Оклад — курьер,168482.12
2026-05-27,Маркетинг,Реклама Telegram,2532.88
2026-04-16,IT,Облачное хранилище,38216.21
2026-02-07,Логистика,Доставка Почта России,15037.34
2026-01-11,Зарплаты,Оклад — менеджер,72241.43
2026-04-04,Маркетинг,Таргет ВКонтакте,127279.17
2026-03-27,Логистика,Транспортировка со склада,36792.67
2026-03-21,Маркетинг,SEO-продвижение,6100.22
2026-06-08,Закупка товара,Закупка — поставщик Китай,327717.96
2026-02-01,Маркетинг,Реклама Telegram,109198.5
2026-06-25,Зарплаты,Оклад — кладовщик,95615.55
2026-02-21,Аренда,Аренда шоурума,185457.4
2026-03-30,Аренда,Коммунальные услуги склад,183680.94
2026-01-19,Логистика,Доставка СДЭК,31778.99
2026-02-13,Логистика,Экспресс-доставка,21956.42
2026-06-20,Офис,Новогодний корпоратив,13150.34
2026-01-20,Зарплаты,Подработка — сезон,159889.64
2026-05-25,Офис,Новогодний корпоратив,2413.52
2026-05-21,Аренда,Аренда склада,134128.39
2026-02-12,IT,CRM — подписка,1587.66
2026-03-25,Аренда,Коммунальные услуги склад,199171.8
2026-03-17,Закупка товара,Таможенные сборы,113994.55
2026-06-30,Закупка товара,Закупка — допартия,98512.97
2026-05-31,Логистика,Возврат товара — доставка,1317.04
2026-02-28,Зарплаты,Оклад — кладовщик,159816.91
2026-05-01,Аренда,Парковка,18823.99
2026-05-27,Маркетинг,SEO-продвижение,93510.16
2026-02-16,Закупка товара,Таможенные сборы,53362.89
2026-01-04,Маркетинг,Таргет ВКонтакте,38266.78
2026-06-10,Маркетинг,Контент для соцсетей,97026.84
2026-05-29,Офис,Канцелярия,16140.47
2026-04-17,Логистика,Курьерская служба,29187.14
2026-04-12,Офис,Новогодний корпоратив,13554.28
2026-01-31,Офис,Мебель,20877.3
2026-06-27,Маркетинг,Реклама Telegram,76576.23
2026-01-23,Маркетинг,SEO-продвижение,105418.78
2026-06-12,Маркетинг,Дизайн баннеров,147874.13
2026-04-15,Логистика,Экспресс-доставка,19918.63
2026-04-24,Офис,Уборка офиса,20089.62
2026-03-23,Зарплаты,Больничный,149698.19
2026-03-15,Маркетинг,Контент для соцсетей,57041.54
2026-02-19,Логистика,Доставка СДЭК,24174.67
2026-03-13,Закупка товара,Закупка — новый поставщик,336056.93
2026-04-12,Маркетинг,Дизайн баннеров,146211.08
2026-01-05,Офис,Подарки сотрудникам,21960.57
2026-05-07,IT,1С — обслуживание,56950.77
2026-05-18,Офис,Ремонт офиса,3686.29
2026-05-03,Аренда,Коммунальные услуги склад,169153.43
2026-06-18,Маркетинг,SEO-продвижение,27224.09
2026-06-20,Маркетинг,Дизайн баннеров,65832.02
2026-04-23,Маркетинг,SEO-продвижение,11788.18
2026-01-09,Аренда,Аренда склада,223872.81
2026-05-07,Аренда,Парковка,66969.7
2026-01-04,IT,Облачное хранилище,33581.52
2026-04-03,Закупка товара,Закупка — новый поставщик,295948.05
2026-05-28,Офис,Ремонт офиса,23811.62
2026-01-22,Аренда,Коммунальные услуги склад,106132.9
2026-05-12,Маркетинг,Реклама Telegram,21939.16
2026-04-20,Офис,Новогодний корпоратив,8289.81
2026-06-10,Зарплаты,Оклад — маркетолог,179576.73
2026-01-30,Закупка товара,Закупка — допартия,269626.25
2026-06-18,Зарплаты,Оклад — курьер,69179.33
2026-01-23,Офис,Мебель,7977.09
2026-01-17,Логистика,Транспортировка со склада,22424.08
2026-02-28,Аренда,Коммунальные услуги склад,127234.26
2026-04-13,Маркетинг,Яндекс.Директ,121146.78
2026-04-22,Зарплаты,Оклад — дизайнер,30198.21
2026-05-22,Закупка товара,Сертификация товара,296894.06
2026-01-15,Зарплаты,Оклад — маркетолог,164742.24
2026-02-14,IT,Облачное хранилище,52285.24
2026-05-03,Зарплаты,Больничный,140039.86
2026-01-05,Маркетинг,Таргет ВКонтакте,95364.15
2026-05-14,Логистика,Транспортировка со склада,37704.68
2026-05-04,Закупка товара,Закупка — образцы,318578.49
2026-02-07,Зарплаты,Больничный,143933.56
2026-01-13,Офис,Мебель,11330.42
2026-06-17,Офис,Новогодний корпоратив,13542.92
2026-06-03,IT,Домен — продление,73196.55
2026-05-17,Закупка товара,Закупка — поставщик Китай,46497.7
2026-04-03,Закупка товара,Таможенные сборы,57988.53
2026-06-14,Аренда,Парковка,187321.97
2026-06-17,Закупка товара,Закупка — допартия,66146.67
2026-02-16,Аренда,Коммунальные услуги склад,179526.72
2026-01-03,Логистика,Доставка СДЭК,14881.64
2026-03-09,Закупка товара,Закупка — расходники упаковка,344452.36
2026-06-19,Зарплаты,Оклад — курьер,39645.08
2026-01-08,IT,Хостинг сайта,79783.79
2026-04-18,Офис,Вода и кофе,5652.25
2026-02-16,Маркетинг,Email-рассылка,24829.41
2026-05-09,Логистика,Курьерская служба,12304.89
2026-04-30,Закупка товара,Закупка — образцы,156507.94
2026-05-27,Зарплаты,Оклад — бухгалтер,83730.99
2026-06-07,Офис,Уборка офиса,23037.41
2026-06-28,Аренда,Аренда склада,133020.77
2026-04-02,Маркетинг,Блогер — интеграция,97512.52
2026-04-27,Логистика,Возврат товара — доставка,20016.62
2026-03-30,Закупка товара,Закупка — сезонная коллекция,30482.36
2026-06-13,Маркетинг,Контент для соцсетей,58159.41
2026-04-05,Логистика,Курьерская служба,30814.54
2026-05-26,Офис,Обеды для команды,8460.43
2026-06-24,Зарплаты,Больничный,119841.5
2026-03-02,Маркетинг,Контент для соцсетей,67814.99
2026-05-21,Зарплаты,Оклад — дизайнер,83939.33
2026-05-14,Закупка товара,Закупка — сезонная коллекция,53823.57
2026-06-18,Маркетинг,Дизайн баннеров,140797.1
2026-03-21,Офис,Уборка офиса,22960.29
2026-04-18,Маркетинг,Блогер — интеграция,9755.05
2026-01-31,IT,Разработка сайта,9570.87
2026-04-16,Закупка товара,Закупка — поставщик РФ,25431.67
2026-06-14,Аренда,Аренда офиса,178824.59
2026-04-22,Логистика,Экспресс-доставка,13399.85
2026-06-19,Офис,Канцелярия,9726.86
2026-02-21,IT,CRM — подписка,54982.37
2026-06-13,Аренда,Коммунальные услуги офис,177516.01
2026-02-12,Логистика,Экспресс-доставка,27753.71
2026-04-21,Аренда,Аренда склада,16816.53
2026-04-19,Маркетинг,Таргет ВКонтакте,110427.6
2026-06-29,Маркетинг,Яндекс.Директ,107695.69
2026-02-10,Офис,Обеды для команды,11104.98
2026-02-23,Офис,Обеды для команды,5158.35
2026-04-19,Маркетинг,Дизайн баннеров,147232.57
2026-02-13,Логистика,Экспресс-доставка,23719.1
2026-01-16,Аренда,Парковка,73881.84
2026-02-08,Закупка товара,Закупка — сезонная коллекция,239404.49
2026-06-22,IT,1С — обслуживание,29495.37
2026-05-30,Закупка товара,Закупка — допартия,339491.83
2026-06-21,Логистика,Доставка Почта России,24608.3
2026-02-18,Аренда,Аренда склада,88572.59
2026-06-02,Аренда,Парковка,81657.56
2026-04-25,Логистика,Возврат товара — доставка,41783.24
2026-06-21,Аренда,Аренда склада,15744.56
2026-01-11,Зарплаты,Оклад — дизайнер,96717.8
2026-04-12,Логистика,Транспортировка со склада,33539.61
2026-06-04,Офис,Подарки сотрудникам,2433.71
2026-02-06,IT,Телефония,19715.42
2026-05-25,Закупка товара,Закупка — поставщик Китай,180052.82
2026-06-24,Аренда,Аренда шоурума,86138.16
2026-02-11,Логистика,Доставка Boxberry,42000.13
2026-04-21,Зарплаты,Оклад — менеджер,30759.98
2026-06-23,Логистика,Доставка Boxberry,15656.93
2026-04-05,Закупка товара,Таможенные сборы,241105.26
2026-02-05,IT,Домен — продление,9021.48
2026-04-16,Аренда,Аренда шоурума,198019.84
2026-05-05,Маркетинг,Таргет ВКонтакте,44600.79
2026-02-19,Зарплаты,Оклад — менеджер,170521.01
2026-05-05,Логистика,Доставка по Москве,18388.83
2026-03-23,Зарплаты,Оклад — курьер,74256.41
2026-04-09,Закупка товара,Закупка — новый поставщик,103413.73
2026-02-11,Маркетинг,Email-рассылка,32205.81
2026-03-31,Зарплаты,Больничный,114697.91
2026-05-03,Логистика,Доставка СДЭК,8390.7
2026-06-28,Закупка товара,Закупка — новый поставщик,86970.44
2026-06-03,Аренда,Коммунальные услуги офис,165811.09
2026-05-08,Маркетинг,Промо-акция,142369.89
2026-01-28,Офис,Канцелярия,22370.17
2026-03-30,Закупка товара,Закупка — поставщик РФ,5482.99
2026-06-16,Логистика,Доставка по Москве,20622.3
2026-03-25,IT,Техподдержка,40236.65
2026-01-11,Логистика,Транспортировка со склада,6654.23
2026-01-29,Зарплаты,Оклад — дизайнер,151270.71
2026-03-23,IT,Хостинг сайта,24297.78
2026-05-19,Логистика,Доставка Почта России,8222.05
2026-04-12,Офис,Новогодний корпоратив,6347.81
2026-05-21,Закупка товара,Закупка — новый поставщик,122762.21
2026-04-18,Офис,Мебель,1650.63
2026-06-05,Аренда,Аренда офиса,59637.32
2026-01-24,Закупка товара,Закупка — образцы,308074.06
2026-06-01,Маркетинг,Яндекс.Директ,51893.12
2026-01-22,Логистика,Доставка Boxberry,24542.12
2026-06-20,Закупка товара,Сертификация товара,330473.75
2026-05-12,Зарплаты,Премия квартальная,158778.05
2026-05-28,IT,Телефония,76371.42
2026-05-09,Зарплаты,Оклад — кладовщик,96565.53
2026-04-24,Офис,Новогодний корпоратив,23775.97
2026-04-07,Закупка товара,Закупка — поставщик Китай,89313.11
2026-04-17,Маркетинг,Контент для соцсетей,16933.75
2026-06-15,Маркетинг,Реклама Telegram,3717.21
2026-01-23,Зарплаты,Премия квартальная,79029.43
2026-02-17,Маркетинг,Email-рассылка,95204.53
2026-04-03,Офис,Подарки сотрудникам,7278.66
2026-05-09,Закупка товара,Закупка — образцы,221856.89
2026-02-19,Закупка товара,Закупка — образцы,343276.17
2026-02-09,Закупка товара,Закупка — образцы,18897.34
2026-05-06,Аренда,Аренда офиса,58023.13
2026-01-25,Логистика,Доставка Boxberry,30545.55
2026-02-07,Маркетинг,SEO-продвижение,95290.05
2026-06-09,Офис,Мебель,22245.7
2026-03-13,Логистика,Доставка СДЭК,9728.19
2026-03-28,Логистика,Возврат товара — доставка,27906.22
2026-02-10,Логистика,Транспортировка со склада,4776.78
2026-06-09,Зарплаты,Премия квартальная,144543.7
2026-04-29,Аренда,Аренда офиса,140479.03
2026-01-24,Закупка товара,Сертификация товара,102955.11
2026-01-31,Аренда,Аренда шоурума,120393.32
2026-01-27,Офис,Уборка офиса,10761.23
2026-01-21,IT,Антивирус — лицензия,69754.83
2026-05-23,Логистика,Доставка Boxberry,38573.38
2026-04-28,Маркетинг,Реклама Telegram,76705.05
2026-02-01,Офис,Обеды для команды,11000.42
2026-06-04,Логистика,Экспресс-доставка,38259.25
2026-05-10,Логистика,Доставка Почта России,41651.06
2026-05-20,Зарплаты,Оклад — курьер,172475.89
2026-04-14,IT,Телефония,17439.97
2026-01-09,Логистика,Транспортировка со склада,13958.73
2026-01-19,Зарплаты,Подработка — сезон,178429.37
2026-02-27,IT,Разработка сайта,12560.04
2026-06-16,Офис,Новогодний корпоратив,3533.42
2026-03-23,Аренда,Парковка,214334.06
2026-04-03,Аренда,Аренда склада,170938.98
2026-01-19,IT,Облачное хранилище,76401.79
2026-04-20,Аренда,Коммунальные услуги склад,156616.08
2026-01-28,Закупка товара,Закупка — сезонная коллекция,71790.45
2026-02-05,IT,Телефония,63519.07
2026-04-29,Маркетинг,Блогер — интеграция,50636.61
2026-03-30,Маркетинг,Дизайн баннеров,110808.85
2026-05-24,Маркетинг,Блогер — интеграция,46879.59
2026-03-24,Закупка товара,Закупка — поставщик Китай,311850.9
2026-05-01,Логистика,Возврат товара — доставка,3389.73
2026-02-19,Офис,Уборка офиса,20324.88
2026-04-15,IT,Хостинг сайта,47338.01
2026-01-20,Логистика,Доставка по Москве,37235.32
2026-01-01,IT,Техподдержка,78725.54
2026-06-17,Офис,Ремонт офиса,5519.47
2026-04-01,Офис,Новогодний корпоратив,17903.64
2026-04-02,Офис,Новогодний корпоратив,16850.02
2026-04-22,IT,Облачное хранилище,56877.38
2026-06-30,Закупка товара,Таможенные сборы,168905.13
2026-04-21,Офис,Вода и кофе,1182.88
2026-05-05,Зарплаты,Оклад — маркетолог,67304.97
2026-06-25,Зарплаты,Оклад — маркетолог,149726.66
2026-06-19,Офис,Мебель,24415.06
2026-05-04,Маркетинг,Яндекс.Директ,128914.64
2026-04-27,Закупка товара,Закупка — допартия,237497.95
2026-02-07,Офис,Уборка офиса,11036.58
2026-06-23,Аренда,Парковка,197719.12
2026-04-29,Аренда,Аренда офиса,50611.39
2026-02-02,Логистика,Возврат товара — доставка,39123.5
2026-03-03,Закупка товара,Закупка — допартия,272725.72
2026-03-28,Логистика,Экспресс-доставка,9047.8
2026-01-12,Зарплаты,Оклад — дизайнер,167274.8
2026-01-03,Маркетинг,Реклама Telegram,72002.08
2026-04-03,Закупка товара,Закупка — сезонная коллекция,119268.05
2026-04-30,Закупка товара,Сертификация товара,272251.3
2026-04-05,Аренда,Аренда склада,118715.04
2026-03-29,Маркетинг,Email-рассылка,80423.5
2026-06-03,Аренда,Коммунальные услуги офис,36870.1
2026-01-24,Зарплаты,Оклад — менеджер,61916.38
2026-05-19,Закупка товара,Закупка — допартия,49579.29
2026-03-27,Аренда,Коммунальные услуги склад,36847.36
2026-04-05,Офис,Уборка офиса,23629.7
2026-04-08,Зарплаты,Оклад — дизайнер,144262.98
2026-03-07,Закупка товара,Закупка — сезонная коллекция,139004.57
2026-05-04,Офис,Новогодний корпоратив,14692.12
2026-04-17,Офис,Канцелярия,13261.39
2026-04-17,Маркетинг,Таргет ВКонтакте,41370.31
2026-02-01,Офис,Новогодний корпоратив,20937.2
2026-01-27,Офис,Мебель,2820.77
2026-03-06,IT,Облачное хранилище,9534.9
2026-05-12,Маркетинг,Реклама Telegram,75743.3
2026-03-14,Зарплаты,Больничный,59009.53
2026-03-25,Аренда,Аренда офиса,176554.71
2026-01-30,IT,CRM — подписка,46987.52
2026-05-15,Аренда,Парковка,153552.92
2026-04-10,IT,1С — обслуживание,46479.68
2026-05-09,Аренда,Аренда офиса,110272.9
2026-06-08,Закупка товара,Закупка — новый поставщик,34564.47
2026-03-22,Закупка товара,Закупка — поставщик Китай,150591.57
2026-05-16,Зарплаты,Подработка — сезон,167505.01
2026-02-14,Аренда,Коммунальные услуги склад,26768.85
2026-05-16,Зарплаты,Оклад — дизайнер,148705.03
2026-04-23,IT,Антивирус — лицензия,27082.01
2026-06-06,Закупка товара,Закупка — расходники упаковка,249296.18
2026-02-26,Закупка товара,Закупка — новый поставщик,36721.22
2026-03-02,Офис,Подарки сотрудникам,10740.26
2026-06-11,Маркетинг,Реклама Telegram,144890.14
2026-04-14,Аренда,Аренда офиса,53747.62
2026-06-28,Аренда,Аренда шоурума,213068.94
2026-05-15,Зарплаты,Оклад — бухгалтер,145980.05
2026-05-04,Логистика,Доставка СДЭК,42061.0
2026-01-20,Маркетинг,Таргет ВКонтакте,106024.48
2026-03-08,Логистика,Курьерская служба,3271.31
2026-02-06,Маркетинг,Таргет ВКонтакте,57113.72
2026-01-12,Закупка товара,Закупка — образцы,62621.96
2026-03-24,Офис,Уборка офиса,21681.67
2026-06-16,Логистика,Международная доставка,23236.11
2026-04-07,Логистика,Доставка СДЭК,2950.98
2026-02-10,IT,Антивирус — лицензия,63079.08
2026-01-19,Зарплаты,Оклад — курьер,156579.62
2026-01-01,Зарплаты,Премия квартальная,105707.21
2026-01-02,Закупка товара,Закупка — новый поставщик,268129.86
2026-02-26,Маркетинг,SEO-продвижение,44046.93
2026-06-24,Закупка товара,Закупка — поставщик РФ,122545.4
2026-06-03,Аренда,Аренда офиса,235570.62
2026-01-29,Аренда,Коммунальные услуги склад,165612.42
2026-01-24,Аренда,Парковка,118305.61
2026-04-24,Закупка товара,Закупка — расходники упаковка,282624.18
2026-05-08,Аренда,Аренда склада,242825.42
2026-04-21,Зарплаты,Оклад — дизайнер,122683.68
2026-05-01,Логистика,Доставка Почта России,37187.89
2026-02-25,Логистика,Доставка по Москве,9956.36
2026-06-09,Аренда,Коммунальные услуги склад,118571.66
2026-03-21,IT,Хостинг сайта,77655.69
2026-02-19,Логистика,Международная доставка,18019.28
2026-06-05,Зарплаты,Оклад — кладовщик,95272.64
2026-06-09,Закупка товара,Закупка — поставщик Китай,50074.2
2026-02-21,Логистика,Курьерская служба,12314.35
2026-06-10,Зарплаты,Оклад — маркетолог,70408.67
2026-05-16,Зарплаты,Подработка — сезон,151706.74
2026-01-15,Зарплаты,Подработка — сезон,173897.34
2026-03-06,Логистика,Доставка Boxberry,44161.94
2026-04-24,IT,Хостинг сайта,74907.52
2026-05-15,Закупка товара,Закупка — новый поставщик,264312.79
2026-04-03,Закупка товара,Закупка — новый поставщик,192557.6
2026-03-08,IT,Облачное хранилище,76497.81
2026-02-09,Аренда,Аренда офиса,39068.2
2026-06-27,Аренда,Парковка,59103.49
2026-02-26,Логистика,Возврат товара — доставка,22259.34
2026-06-28,Аренда,Коммунальные услуги склад,148520.72
2026-05-27,Зарплаты,Больничный,79798.38
2026-05-10,IT,1С — обслуживание,57579.95
2026-04-17,Логистика,Доставка по Москве,39981.39
2026-02-01,Закупка товара,Таможенные сборы,253831.85
2026-04-22,IT,Телефония,28486.49
2026-05-01,Закупка товара,Закупка — поставщик Китай,139706.54
2026-03-19,Закупка товара,Закупка — новый поставщик,227136.24
2026-03-05,Аренда,Аренда склада,186554.17
2026-02-12,Маркетинг,Таргет ВКонтакте,90616.85
2026-03-10,Зарплаты,Премия квартальная,78975.66
2026-05-24,Аренда,Коммунальные услуги склад,81558.05
2026-03-25,IT,Разработка сайта,27424.37
2026-05-03,Логистика,Доставка СДЭК,5521.83
2026-04-30,IT,Антивирус — лицензия,58210.33
2026-02-01,Логистика,Возврат товара — доставка,36248.12
2026-06-09,Маркетинг,Промо-акция,136351.8
2026-01-06,Аренда,Парковка,142749.03
2026-01-19,Аренда,Коммунальные услуги офис,211659.71
2026-02-12,Офис,Подарки сотрудникам,22129.19
2026-03-01,Аренда,Аренда склада,42712.96
2026-04-12,Маркетинг,Яндекс.Директ,19582.78
2026-01-19,Маркетинг,Контент для соцсетей,63029.26
2026-03-05,Закупка товара,Таможенные сборы,22325.34
2026-04-27,Зарплаты,Подработка — сезон,35120.73
2026-03-30,Логистика,Транспортировка со склада,10800.94
2026-01-23,Аренда,Аренда шоурума,173362.51
2026-04-17,Закупка товара,Закупка — поставщик РФ,168708.56
2026-01-05,Закупка товара,Закупка — новый поставщик,258111.92
2026-03-11,Маркетинг,Яндекс.Директ,-15000.0
2026-04-20,Офис,Подарки сотрудникам,9112.62
2026-04-12,Офис,Вода и кофе,22977.78
2026-06-30,IT,Разработка сайта,2538.89
2026-03-04,Логистика,Международная доставка,3866.72
2026-04-18,Закупка товара,Закупка — сезонная коллекция,168497.2
2026-04-24,Логистика,Доставка Почта России,18857.23
2026-02-02,Закупка товара,Закупка — поставщик РФ,45196.86
2026-05-04,Маркетинг,SEO-продвижение,83096.45
2026-05-20,Логистика,Возврат товара — доставка,24458.39
2026-01-24,Аренда,Аренда шоурума,58422.39
2026-03-05,Офис,Подарки сотрудникам,23965.5
2026-01-23,Офис,Обеды для команды,22775.11
2026-02-17,Маркетинг,Реклама Telegram,109928.79
2026-05-24,Логистика,Доставка СДЭК,43156.77
2026-06-10,Логистика,Доставка по Москве,9366.62
2026-02-18,Логистика,Транспортировка со склада,6903.13
2026-05-01,Логистика,Доставка Boxberry,15398.98
2026-05-23,Аренда,Парковка,137261.54
2026-05-08,Аренда,Коммунальные услуги склад,164655.86
2026-02-10,IT,Домен — продление,13074.46
2026-03-19,Логистика,Курьерская служба,25404.66
2026-05-27,Закупка товара,Закупка — образцы,174240.07
2026-01-15,Зарплаты,Больничный,39334.58
2026-03-13,Логистика,Доставка Boxberry,2596.03
2026-04-27,IT,Хостинг сайта,65510.51
2026-05-02,Зарплаты,Оклад — кладовщик,78991.76
2026-04-04,IT,Хостинг сайта,7794.8
2026-01-12,Логистика,Доставка по Москве,29922.98
2026-03-11,IT,Антивирус — лицензия,2819.1
2026-05-15,Закупка товара,Закупка — новый поставщик,70363.84
2026-05-28,Маркетинг,Email-рассылка,86644.56
2026-04-12,Маркетинг,Таргет ВКонтакте,11730.72
2026-02-18,Закупка товара,Закупка — поставщик Китай,306399.06
2026-04-18,Аренда,Аренда склада,34153.9
2026-02-16,Офис,Канцелярия,19957.77
2026-06-20,Закупка товара,Закупка — поставщик Китай,317788.06
2026-01-26,Маркетинг,Email-рассылка,25251.36
2026-01-03,Зарплаты,Больничный,127545.68
2026-06-13,Офис,Подарки сотрудникам,13324.77
2026-03-10,Зарплаты,Оклад — дизайнер,95378.6
2026-06-19,Офис,Вода и кофе,7452.77
2026-02-07,Маркетинг,Email-рассылка,78705.05
2026-03-17,Аренда,Аренда шоурума,215331.64
2026-04-16,IT,Разработка сайта,28187.08
2026-03-19,Аренда,Коммунальные услуги склад,100441.59
2026-02-18,Офис,Обеды для команды,5295.04
2026-04-22,Офис,Новогодний корпоратив,15563.86
2026-01-05,Закупка товара,Закупка — новый поставщик,240269.72
2026-06-23,Маркетинг,Промо-акция,124473.22
2026-05-13,Аренда,Аренда шоурума,101472.37
2026-03-10,IT,Телефония,46976.18
2026-01-22,Зарплаты,Оклад — курьер,92446.52
2026-06-08,Аренда,Аренда офиса,22999.81
2026-03-20,Маркетинг,Email-рассылка,9200.35
2026-02-13,Зарплаты,Оклад — кладовщик,139921.98
2026-04-11,Зарплаты,Оклад — бухгалтер,92281.2
2026-05-12,Аренда,Аренда офиса,215550.91
2026-01-27,Логистика,Доставка по Москве,1778.19
2026-03-19,Аренда,Коммунальные услуги офис,130287.62
2026-06-21,Закупка товара,Сертификация товара,241965.72
2026-05-18,Маркетинг,Контент для соцсетей,134024.63
2026-01-04,IT,Антивирус — лицензия,64480.47
2026-01-22,Аренда,Аренда склада,43200.09
2026-03-02,Закупка товара,Закупка — поставщик Китай,269747.81
2026-03-05,Маркетинг,Дизайн баннеров,70131.67
2026-03-31,Зарплаты,Оклад — дизайнер,161674.45
2026-03-21,IT,Хостинг сайта,48311.54
2026-04-22,Зарплаты,Оклад — дизайнер,111772.88
2026-03-29,Логистика,Доставка Почта России,16948.71
2026-05-18,Логистика,Доставка по Москве,32720.92
2026-04-11,Аренда,Парковка,89640.31
2026-03-25,IT,Антивирус — лицензия,56357.32
2026-05-06,Маркетинг,Яндекс.Директ,149811.05
2026-02-12,Закупка товара,Закупка — допартия,180656.28
2026-05-18,Логистика,Транспортировка со склада,27590.1
2026-04-07,Зарплаты,Премия квартальная,134141.77
2026-02-10,IT,Телефония,69894.75
2026-01-07,Закупка товара,Закупка — образцы,46914.06
2026-02-16,Закупка товара,Закупка — новый поставщик,248841.43
2026-06-26,Маркетинг,Дизайн баннеров,25730.29
2026-06-05,Закупка товара,Закупка — новый поставщик,294185.54
2026-02-05,Офис,Канцелярия,2718.06
2026-06-16,Офис,Вода и кофе,19554.4
2026-05-07,Зарплаты,Оклад — маркетолог,158153.77
2026-05-30,Маркетинг,Email-рассылка,20273.77
2026-06-03,Логистика,Транспортировка со склада,25260.13
2026-01-04,Аренда,Аренда склада,200810.26
2026-05-14,Маркетинг,Таргет ВКонтакте,4451.27
2026-03-08,Логистика,Экспресс-доставка,18696.63
2026-06-30,Офис,Мебель,12833.79
2026-04-27,Логистика,Доставка Почта России,32239.7
2026-06-26,Офис,Мебель,1582.18
2026-06-07,Зарплаты,Премия квартальная,66750.84
2026-04-23,Офис,Канцелярия,8068.86
2026-01-25,Логистика,Экспресс-доставка,20766.36
2026-02-20,Зарплаты,Оклад — дизайнер,73276.76
2026-06-05,Зарплаты,Оклад — кладовщик,76941.31
2026-02-09,Зарплаты,Оклад — менеджер,69449.21
2026-03-23,Офис,Уборка офиса,10376.42
2026-06-23,Маркетинг,Дизайн баннеров,121300.58
2026-02-19,Офис,Ремонт офиса,15446.88
2026-06-23,Зарплаты,Премия квартальная,136591.16
2026-02-04,Зарплаты,Оклад — дизайнер,60777.38
2026-02-07,Зарплаты,Оклад — маркетолог,95801.9
2026-03-09,Офис,Новогодний корпоратив,19200.1
2026-05-12,Аренда,Аренда офиса,195092.16
2026-03-02,Аренда,Аренда шоурума,36208.83
2026-02-06,Офис,Уборка офиса,5542.86
2026-03-29,Офис,Новогодний корпоратив,10586.45
2026-02-15,Зарплаты,Больничный,36784.47
2026-05-20,Зарплаты,Оклад — дизайнер,138896.33
2026-01-11,Закупка товара,Сертификация товара,141485.86
2026-01-29,IT,CRM — подписка,30934.9
2026-01-28,Закупка товара,Таможенные сборы,300459.19
2026-01-30,Маркетинг,Контент для соцсетей,48592.82
2026-06-05,Аренда,Коммунальные услуги офис,231567.53
2026-04-13,IT,CRM — подписка,61583.1
2026-05-27,Аренда,Аренда офиса,81231.82
2026-02-07,Закупка товара,Закупка — образцы,164994.47
2026-05-25,Логистика,Доставка по Москве,17307.57
2026-06-03,Закупка товара,Закупка — расходники упаковка,330523.91
2026-06-12,Зарплаты,Премия квартальная,159854.0
2026-03-14,Закупка товара,Закупка — допартия,39315.95
2026-02-27,IT,Хостинг сайта,38426.01
2026-06-18,Закупка товара,Таможенные сборы,136932.41
2026-06-25,Маркетинг,Контент для соцсетей,69960.55
2026-02-09,Офис,Уборка офиса,10782.32
2026-04-28,Офис,Вода и кофе,6393.78
2026-03-02,Аренда,Аренда офиса,245612.17
2026-02-07,Офис,Подарки сотрудникам,21379.12
2026-06-08,IT,Антивирус — лицензия,70515.12
2026-04-28,IT,CRM — подписка,64317.68
2026-05-12,Аренда,Аренда шоурума,237548.63
2026-03-29,Маркетинг,Блогер — интеграция,119786.68
2026-02-18,Аренда,Коммунальные услуги офис,17385.51
2026-06-14,Закупка товара,Закупка — образцы,265924.52
2026-05-30,Офис,Уборка офиса,1399.91
2026-04-07,Логистика,Доставка Boxberry,31707.1
2026-04-14,Закупка товара,Закупка — новый поставщик,63091.67
2026-02-16,Закупка товара,Таможенные сборы,174914.04
2026-06-08,Аренда,Аренда офиса,200459.3
2026-03-21,Аренда,Коммунальные услуги склад,156091.53
2026-01-07,Маркетинг,Яндекс.Директ,137000.71
2026-01-18,Маркетинг,Промо-акция,63925.15
2026-06-28,Офис,Канцелярия,1785.84
2026-03-14,Зарплаты,Премия квартальная,108736.78
2026-04-06,Офис,Ремонт офиса,7008.34
2026-06-27,Зарплаты,Оклад — курьер,85201.56
2026-06-27,Зарплаты,Оклад — кладовщик,77810.69
2026-01-17,Аренда,Аренда шоурума,130884.13
2026-01-03,IT,Облачное хранилище,21020.61
2026-01-16,IT,Антивирус — лицензия,73867.69
2026-02-14,Аренда,Аренда шоурума,190658.0
2026-05-05,Маркетинг,Email-рассылка,20328.71
2026-03-25,Маркетинг,Промо-акция,24178.15
2026-05-16,Аренда,Коммунальные услуги офис,106812.2
2026-06-28,Офис,Мебель,9532.68
2026-01-13,Аренда,Парковка,211015.86
2026-01-12,Маркетинг,Email-рассылка,5322.01
2026-03-12,Логистика,Возврат товара — доставка,38030.76
2026-05-26,Офис,Подарки сотрудникам,21343.55
2026-04-23,Логистика,Курьерская служба,29100.88
2026-04-27,Аренда,Парковка,204262.13
2026-05-18,Маркетинг,Контент для соцсетей,70712.15
2026-04-04,IT,Домен — продление,11642.59
2026-01-27,IT,Телефония,44808.72
2026-02-02,Офис,Уборка офиса,18397.12
2026-03-18,IT,Домен — продление,25798.48
2026-01-08,Закупка товара,Таможенные сборы,22500.53
2026-01-24,Закупка товара,Сертификация товара,5058.55
2026-02-19,Маркетинг,Дизайн баннеров,145906.42
2026-04-11,Аренда,Аренда офиса,223034.47
2026-03-28,Зарплаты,Оклад — менеджер,55908.51
2026-02-15,Зарплаты,Премия квартальная,64071.05
2026-02-21,Закупка товара,Закупка — поставщик Китай,64939.39
2026-01-26,Маркетинг,Контент для соцсетей,135965.85
2026-03-19,Аренда,Аренда шоурума,19754.73
2026-02-15,Закупка товара,Таможенные сборы,176046.83
2026-04-23,Закупка товара,Закупка — образцы,166941.95
2026-04-27,IT,1С — обслуживание,19038.85
2026-05-13,Логистика,Курьерская служба,10664.78
2026-04-26,Офис,Обеды для команды,4761.01
2026-02-01,Логистика,Транспортировка со склада,1737.63
2026-06-12,Аренда,Коммунальные услуги склад,75782.53
2026-04-14,Аренда,Аренда склада,242993.41
2026-05-11,Логистика,Доставка СДЭК,27827.89
2026-05-07,Маркетинг,Промо-акция,111582.77
2026-04-25,Закупка товара,Закупка — поставщик РФ,67258.86
2026-06-30,Логистика,Транспортировка со склада,9895.67
2026-06-19,Офис,Обеды для команды,13115.39
2026-01-11,Аренда,Аренда склада,225401.57
2026-03-04,Аренда,Аренда офиса,188409.62
2026-01-31,Офис,Мебель,17943.6
2026-06-30,Логистика,Международная доставка,27222.09
2026-02-19,Закупка товара,Закупка — поставщик РФ,167915.79
2026-06-23,Аренда,Парковка,48857.75
2026-04-06,Маркетинг,Email-рассылка,149189.75
2026-01-15,Маркетинг,Промо-акция,144698.13
2026-04-06,Зарплаты,Больничный,120603.74
2026-05-22,Офис,Уборка офиса,897.39
2026-02-15,Маркетинг,Email-рассылка,132572.26
2026-04-08,Зарплаты,Подработка — сезон,90739.84
2026-06-15,Зарплаты,Подработка — сезон,162755.34
2026-04-09,Маркетинг,Яндекс.Директ,71821.16
2026-03-10,Аренда,Коммунальные услуги склад,70347.49
2026-01-31,Аренда,Коммунальные услуги офис,174893.68
2026-01-04,Зарплаты,Больничный,61348.32
2026-03-03,Зарплаты,Оклад — кладовщик,95128.41
2026-01-03,Офис,Обеды для команды,8233.46
2026-06-06,Офис,Мебель,10098.15
2026-04-30,IT,Техподдержка,61638.2
2026-04-24,Зарплаты,Больничный,111038.59
2026-05-06,Маркетинг,Дизайн баннеров,149428.56
2026-06-05,Офис,Ремонт офиса,14012.78
2026-01-11,Офис,Подарки сотрудникам,7736.1
2026-01-25,Маркетинг,Таргет ВКонтакте,148017.32
2026-01-13,Закупка товара,Закупка — новый поставщик,42668.67
2026-04-16,IT,Телефония,26683.82
2026-05-24,Логистика,Транспортировка со склада,43536.38
2026-06-10,Маркетинг,Таргет ВКонтакте,122809.56
2026-03-27,Офис,Обеды для команды,16655.56
2026-05-20,Офис,Мебель,15953.48
2026-06-16,IT,Домен — продление,35297.76
2026-06-04,Офис,Уборка офиса,6730.06
2026-01-03,Маркетинг,Email-рассылка,57382.47
2026-02-13,IT,Разработка сайта,46352.55
2026-01-13,Офис,Подарки сотрудникам,14118.34
2026-06-14,Логистика,Доставка СДЭК,4390.05
2026-01-11,Офис,Уборка офиса,16285.2
2026-01-31,IT,Домен — продление,46474.42
2026-01-25,IT,Телефония,6207.04
2026-03-25,Зарплаты,Больничный,57807.34
2026-02-04,Логистика,Транспортировка со склада,13392.57
2026-01-24,Закупка товара,Закупка — сезонная коллекция,166918.19
2026-01-18,IT,Техподдержка,12486.81
2026-04-23,IT,Телефония,3156.42
2026-01-10,Маркетинг,Контент для соцсетей,149140.4
2026-05-05,IT,Хостинг сайта,33685.87
2026-02-22,IT,Телефония,28075.54
2026-04-13,Маркетинг,Таргет ВКонтакте,22942.14
2026-01-06,Зарплаты,Подработка — сезон,25522.48
2026-01-20,Закупка товара,Закупка — сезонная коллекция,148664.55
2026-03-27,Офис,Ремонт офиса,17572.97
2026-02-13,Зарплаты,Оклад — курьер,35021.95
2026-01-23,Офис,Подарки сотрудникам,6045.36
2026-01-04,Офис,Обеды для команды,3013.4
2026-01-20,Зарплаты,Оклад — менеджер,96261.91
2026-06-25,Офис,Ремонт офиса,6034.17
2026-02-02,Зарплаты,Оклад — маркетолог,137956.04
2026-02-03,Маркетинг,Таргет ВКонтакте,143852.28
2026-02-18,Закупка товара,Закупка — расходники упаковка,333884.53
2026-02-03,Зарплаты,Больничный,161074.0
2026-04-13,Закупка товара,Сертификация товара,17860.3
2026-01-11,Офис,Мебель,4827.15
2026-02-21,Маркетинг,Контент для соцсетей,12270.98
2026-04-17,Маркетинг,Email-рассылка,86255.64
2026-06-02,Логистика,Доставка СДЭК,13235.95
2026-03-08,Маркетинг,Яндекс.Директ,86514.47
2026-06-01,Аренда,Аренда офиса,110062.34
2026-02-21,Аренда,Коммунальные услуги склад,47250.46
2026-04-15,Офис,Обеды для команды,6033.9
2026-06-27,Маркетинг,Блогер — интеграция,4032.53
2026-01-12,Закупка товара,Сертификация товара,158717.13
2026-05-31,Офис,Подарки сотрудникам,5900.8
2026-04-22,Зарплаты,Оклад — курьер,122778.96
2026-02-07,Логистика,Курьерская служба,40425.35
2026-06-03,Маркетинг,Блогер — интеграция,143937.14
2026-01-17,Закупка товара,Закупка — поставщик Китай,238285.35
2026-02-02,IT,Домен — продление,63931.54
2026-03-19,Маркетинг,Email-рассылка,39424.94
2026-06-17,Маркетинг,Таргет ВКонтакте,58736.31
2026-06-27,Логистика,Доставка по Москве,34086.08
2026-02-24,Маркетинг,Контент для соцсетей,23536.04
2026-03-03,Логистика,Возврат товара — доставка,7980.3
2026-05-10,Логистика,Доставка СДЭК,37431.81
2026-01-07,Офис,Обеды для команды,5392.03
2026-05-02,Логистика,Международная доставка,22991.12
2026-03-16,IT,Облачное хранилище,57829.5
2026-01-02,Офис,Вода и кофе,4230.28
2026-04-18,Закупка товара,Закупка — образцы,181335.85
2026-02-10,IT,Антивирус — лицензия,20613.35
2026-03-26,IT,Облачное хранилище,50849.23
2026-03-10,Маркетинг,Дизайн баннеров,128167.28
2026-05-09,Логистика,Транспортировка со склада,15649.76
2026-02-28,Аренда,Коммунальные услуги офис,236612.41
2026-04-20,Аренда,Аренда шоурума,207877.29
2026-01-21,Зарплаты,Оклад — бухгалтер,121659.08
2026-01-03,Логистика,Доставка СДЭК,17470.31
2026-04-21,IT,Телефония,35777.61
2026-02-12,Аренда,Коммунальные услуги склад,162230.05
2026-05-11,Логистика,Доставка СДЭК,23492.92
2026-01-12,IT,Хостинг сайта,20334.0
2026-01-15,IT,Телефония,63745.72
2026-02-02,Офис,Вода и кофе,4079.75
2026-03-13,Логистика,Доставка Почта России,39210.03
2026-06-22,Зарплаты,Больничный,42609.07
2026-05-03,Офис,Вода и кофе,526.61
2026-03-06,Аренда,Коммунальные услуги склад,35314.71
2026-05-13,Логистика,Курьерская служба,27040.63
2026-05-19,Маркетинг,Блогер — интеграция,51705.44
2026-01-05,Логистика,Международная доставка,29940.37
2026-04-06,IT,Хостинг сайта,39738.33
2026-03-11,IT,Разработка сайта,3287.3
2026-03-17,Зарплаты,Оклад — маркетолог,47533.39
2026-04-30,IT,Техподдержка,7205.1
2026-03-05,Маркетинг,Дизайн баннеров,23951.92
2026-04-21,Закупка товара,Закупка — допартия,175136.94
2026-02-24,Маркетинг,SEO-продвижение,71047.44
2026-02-12,Маркетинг,Блогер — интеграция,138453.82
2026-04-03,Логистика,Транспортировка со склада,23690.53
2026-01-09,Маркетинг,Дизайн баннеров,11776.19
2026-06-23,Аренда,Парковка,134710.33
2026-04-14,Офис,Обеды для команды,12214.42
2026-05-24,Закупка товара,Закупка — поставщик Китай,148974.17
2026-01-31,Зарплаты,Премия квартальная,109611.31
2026-01-15,IT,Разработка сайта,13864.93
2026-04-29,Офис,Канцелярия,24254.8
2026-06-27,Аренда,Аренда склада,58015.46
2026-04-20,IT,Хостинг сайта,56113.78
2026-04-28,IT,Антивирус — лицензия,18456.91
2026-06-11,Зарплаты,Оклад — менеджер,153585.38
2026-06-05,IT,Домен — продление,10977.34
2026-04-15,Логистика,Доставка СДЭК,30945.44
2026-04-11,Логистика,Курьерская служба,44683.83
2026-04-13,Логистика,Доставка Boxberry,36310.8
2026-06-29,Офис,Новогодний корпоратив,24359.34
2026-01-07,Закупка товара,Закупка — расходники упаковка,7299.46
2026-04-11,Зарплаты,Оклад — бухгалтер,146857.45
2026-04-06,Зарплаты,Оклад — маркетолог,89959.41
2026-02-10,Аренда,Коммунальные услуги склад,107448.96
2026-02-15,IT,CRM — подписка,78120.28
2026-01-24,Аренда,Аренда офиса,158766.9
2026-01-22,Зарплаты,Оклад — маркетолог,161551.08
2026-01-14,Офис,Подарки сотрудникам,10850.2
2026-03-18,IT,Хостинг сайта,60738.17
2026-05-04,Офис,Вода и кофе,18227.72
2026-02-02,Аренда,Аренда шоурума,202416.76
2026-04-27,Офис,Новогодний корпоратив,9119.36
2026-03-24,IT,Техподдержка,30799.59
2026-06-15,Офис,Вода и кофе,14561.74
2026-05-03,IT,Облачное хранилище,78484.72
2026-03-16,Логистика,Доставка СДЭК,30027.84
2026-02-23,Маркетинг,SEO-продвижение,47499.39
2026-03-18,Офис,Канцелярия,11077.55
2026-04-24,Офис,Обеды для команды,10682.95
2026-02-18,Офис,Уборка офиса,12134.35
2026-01-30,Закупка товара,Закупка — новый поставщик,275501.61
2026-01-28,Закупка товара,Закупка — поставщик РФ,144961.66
2026-01-13,Маркетинг,Яндекс.Директ,27492.85
2026-04-09,Зарплаты,Оклад — бухгалтер,47022.85
2026-04-17,Логистика,Экспресс-доставка,29473.28
2026-06-19,Маркетинг,Контент для соцсетей,142376.76
2026-03-28,Офис,Ремонт офиса,1284.83
2026-06-26,IT,Домен — продление,31405.46
2026-04-02,IT,Хостинг сайта,79162.89
2026-03-27,Маркетинг,Реклама Telegram,65437.0
2026-04-24,IT,1С — обслуживание,31399.03
2026-01-15,Маркетинг,SEO-продвижение,124517.63
2026-01-15,Закупка товара,Закупка — образцы,116999.12
2026-06-29,IT,Антивирус — лицензия,45156.61
2026-04-16,IT,Хостинг сайта,61382.77
2026-02-27,IT,Разработка сайта,66164.1
2026-02-07,Маркетинг,Email-рассылка,116710.66
2026-05-20,Аренда,Коммунальные услуги офис,108582.65
2026-02-02,Логистика,Доставка по Москве,13712.44
2026-05-10,IT,CRM — подписка,56180.09
2026-02-21,Логистика,Доставка СДЭК,14179.8
2026-05-19,Логистика,Доставка СДЭК,33625.22
2026-02-24,Закупка товара,Закупка — поставщик РФ,127277.26
2026-05-23,Офис,Ремонт офиса,2289.86
2026-02-15,Зарплаты,Оклад — кладовщик,25984.18
2026-06-04,IT,CRM — подписка,24734.39
2026-02-11,Офис,Канцелярия,5397.61
2026-06-20,Офис,Новогодний корпоратив,13404.37
2026-01-15,Логистика,Экспресс-доставка,41734.7
2026-02-08,Аренда,Парковка,112836.29
2026-05-09,Закупка товара,Закупка — поставщик РФ,197727.6
2026-04-08,Аренда,Парковка,171155.99
2026-06-17,Офис,Мебель,13498.5
2026-06-08,Логистика,Экспресс-доставка,8396.79
2026-04-23,IT,Разработка сайта,9586.9
2026-02-22,Маркетинг,Яндекс.Директ,42694.45
2026-04-10,Аренда,Аренда склада,162061.21
2026-01-05,IT,1С — обслуживание,47519.38
2026-02-05,Маркетинг,Таргет ВКонтакте,147799.62
2026-02-17,Логистика,Доставка Boxberry,35627.86
2026-02-10,Офис,Подарки сотрудникам,3158.85
2026-04-04,Аренда,Аренда офиса,47525.93
2026-04-12,Логистика,Экспресс-доставка,11304.07
2026-03-21,Маркетинг,Блогер — интеграция,83803.73
2026-04-10,IT,Домен — продление,28905.97
2026-05-17,Маркетинг,Таргет ВКонтакте,41978.53
2026-04-03,Зарплаты,Подработка — сезон,148164.14
2026-05-06,Офис,Ремонт офиса,14033.37
2026-04-18,Маркетинг,Яндекс.Директ,93668.46
2026-05-04,IT,Разработка сайта,5122.2
2026-06-13,Зарплаты,Оклад — менеджер,102771.54
2026-05-21,Логистика,Доставка Почта России,13059.14
2026-03-26,Зарплаты,Оклад — бухгалтер,39256.69
2026-05-29,Аренда,Аренда склада,162885.51
2026-04-11,Зарплаты,Оклад — менеджер,81452.45
2026-01-30,IT,CRM — подписка,13739.12
2026-04-01,Зарплаты,Оклад — курьер,55956.72
2026-03-20,IT,Антивирус — лицензия,68071.47
2026-04-05,Офис,Подарки сотрудникам,13290.08
2026-02-16,Офис,Уборка офиса,1794.38
2026-02-22,Офис,Обеды для команды,13344.91
2026-01-18,Офис,Обеды для команды,1352.57
2026-04-16,IT,Облачное хранилище,60468.14
2026-05-23,Закупка товара,Закупка — новый поставщик,338886.24
2026-06-21,IT,Антивирус — лицензия,42457.46
2026-03-28,Аренда,Аренда шоурума,209660.75
2026-01-10,Логистика,Доставка Почта России,3953.61
2026-02-06,Аренда,Аренда шоурума,129192.5
2026-03-03,Офис,Вода и кофе,2378.98
2026-04-23,Офис,Уборка офиса,8552.19
2026-05-14,Офис,Обеды для команды,2696.54
2026-06-07,Зарплаты,Оклад — маркетолог,165196.95
2026-01-15,Зарплаты,Подработка — сезон,166160.4
2026-03-08,Аренда,Коммунальные услуги склад,124101.44
2026-03-29,Логистика,Курьерская служба,16196.13
2026-02-01,Маркетинг,Дизайн баннеров,143503.62
2026-03-23,Маркетинг,Промо-акция,146972.54
2026-01-04,Закупка товара,Закупка — образцы,56185.36
2026-05-09,Офис,Ремонт офиса,6287.02
2026-04-02,IT,Домен — продление,52349.74
2026-02-14,Зарплаты,Подработка — сезон,83407.84
2026-05-21,IT,Телефония,72127.99
2026-05-24,Аренда,Аренда шоурума,58356.7
2026-04-16,Офис,Подарки сотрудникам,9180.29
2026-05-22,Логистика,Доставка Boxberry,25391.3
2026-01-13,Маркетинг,Блогер — интеграция,54832.18
2026-03-31,Зарплаты,Оклад — маркетолог,105772.8
2026-02-22,Офис,Вода и кофе,14238.58
2026-04-07,Закупка товара,Сертификация товара,201705.25
2026-06-01,Маркетинг,Таргет ВКонтакте,29477.52
2026-04-24,Офис,Обеды для команды,11616.59
2026-02-15,Маркетинг,Реклама Telegram,31006.16
2026-04-16,Офис,Канцелярия,19253.16
2026-05-11,Зарплаты,Премия квартальная,101074.83
2026-05-20,Аренда,Коммунальные услуги склад,247438.38
2026-04-06,IT,1С — обслуживание,46845.47
2026-04-21,Аренда,Аренда офиса,197423.16
2026-04-28,Зарплаты,Оклад — кладовщик,78928.32
2026-01-25,Маркетинг,Яндекс.Директ,31478.62
2026-05-04,Аренда,Аренда шоурума,15643.27
2026-03-30,Зарплаты,Больничный,45512.72
2026-03-05,Аренда,Парковка,95851.69
2026-01-29,Зарплаты,Оклад — бухгалтер,102905.13
2026-04-12,Офис,Вода и кофе,5659.0
2026-04-07,Закупка товара,Таможенные сборы,22988.44
2026-04-09,Зарплаты,Оклад — менеджер,158729.79
2026-03-27,Логистика,Возврат товара — доставка,36332.05
2026-03-27,IT,Разработка сайта,4482.85
2026-06-13,Маркетинг,SEO-продвижение,134467.75
2026-05-24,Маркетинг,Промо-акция,72278.86
2026-02-15,Аренда,Аренда шоурума,143993.25
2026-04-24,Маркетинг,Блогер — интеграция,14427.37
2026-06-14,Аренда,Коммунальные услуги склад,147341.02
2026-06-25,Офис,Новогодний корпоратив,23753.5
2026-04-05,Аренда,Аренда шоурума,35777.76
2026-04-03,Логистика,Международная доставка,20919.74
2026-06-07,Логистика,Международная доставка,27098.0
2026-04-23,IT,Домен — продление,70061.04
2026-01-09,Аренда,Аренда склада,49162.99
2026-05-07,Зарплаты,Оклад — дизайнер,153224.91
2026-03-06,Офис,Обеды для команды,21311.04
2026-02-23,IT,Разработка сайта,53634.17
2026-05-05,Закупка товара,Закупка — поставщик РФ,309818.9
2026-04-25,Зарплаты,Оклад — кладовщик,157771.33
2026-06-22,Маркетинг,Промо-акция,105263.35
2026-05-27,Маркетинг,Дизайн баннеров,14107.72
2026-05-23,Офис,Уборка офиса,8278.66
2026-04-04,Аренда,Парковка,129325.93
2026-01-04,Аренда,Аренда шоурума,137126.72
2026-04-13,Закупка товара,Закупка — новый поставщик,95582.5
2026-01-27,Зарплаты,Оклад — кладовщик,138268.32
2026-06-10,Закупка товара,Закупка — новый поставщик,295845.6
2026-06-01,Логистика,Доставка по Москве,29534.32
2026-06-21,Офис,Мебель,24458.44
2026-02-05,IT,Техподдержка,3378.22
2026-04-22,Закупка товара,Закупка — новый поставщик,275588.32
2026-05-08,Офис,Подарки сотрудникам,8166.65
2026-05-03,Зарплаты,Оклад — кладовщик,162565.39
2026-04-15,Закупка товара,Закупка — образцы,254117.46
2026-01-02,Маркетинг,Таргет ВКонтакте,138798.21
2026-01-12,Зарплаты,Больничный,105174.82
2026-01-08,Логистика,Курьерская служба,13196.33
2026-05-03,Логистика,Курьерская служба,41614.71
2026-02-22,Аренда,Коммунальные услуги склад,142424.93
2026-04-23,Логистика,Курьерская служба,31052.31
2026-02-24,Офис,Подарки сотрудникам,11576.55
2026-03-23,Зарплаты,Оклад — кладовщик,52310.14
2026-01-05,Аренда,Коммунальные услуги склад,177410.33
2026-01-19,Аренда,Коммунальные услуги склад,148816.47
2026-03-08,Логистика,Доставка СДЭК,16658.37
2026-05-25,Офис,Уборка офиса,7596.58
2026-06-19,Логистика,Доставка Boxberry,29988.48
2026-02-03,Логистика,Транспортировка со склада,39671.52
2026-02-28,Аренда,Аренда шоурума,159854.64
2026-05-18,IT,Домен — продление,63073.9
2026-05-26,Закупка товара,Закупка — поставщик Китай,285728.59
2026-06-08,Логистика,Транспортировка со склада,39334.01
2026-02-26,Зарплаты,Оклад — маркетолог,159591.82
2026-06-12,Аренда,Коммунальные услуги склад,133704.7
2026-01-21,Закупка товара,Сертификация товара,301235.25
2026-01-12,Зарплаты,Больничный,53920.36
2026-02-10,IT,1С — обслуживание,72967.88
2026-02-06,Закупка товара,Таможенные сборы,219949.49
2026-02-09,Логистика,Доставка по Москве,23419.12
2026-05-28,Логистика,Доставка по Москве,39478.22
2026-01-03,Аренда,Аренда склада,124265.79
2026-05-30,Аренда,Аренда склада,43539.03
2026-02-09,Маркетинг,Яндекс.Директ,119100.49
2026-06-20,IT,CRM — подписка,19304.64
2026-02-22,Логистика,Доставка Boxberry,36364.9
2026-01-18,Маркетинг,Блогер — интеграция,49322.92
2026-06-09,Зарплаты,Оклад — дизайнер,67180.79
2026-01-06,Зарплаты,Оклад — менеджер,59335.72
2026-05-31,Логистика,Курьерская служба,34058.1
2026-04-12,Маркетинг,Email-рассылка,123609.44
2026-01-24,Аренда,Аренда офиса,210179.04
2026-02-27,Офис,Обеды для команды,19082.26
2026-03-25,Офис,Новогодний корпоратив,12484.91
2026-01-12,IT,CRM — подписка,58196.91
2026-02-20,Офис,Подарки сотрудникам,642.35
2026-04-05,IT,1С — обслуживание,58731.63
2026-03-22,Зарплаты,Оклад — маркетолог,131603.84
2026-01-29,IT,Техподдержка,62753.17
2026-05-30,Зарплаты,Оклад — кладовщик,105429.67
2026-06-02,IT,1С — обслуживание,54747.01
2026-05-10,Аренда,Аренда склада,97716.38
2026-06-08,Офис,Мебель,9526.53
2026-02-10,Зарплаты,Подработка — сезон,106025.95
2026-02-15,Аренда,Парковка,116273.15
2026-06-21,Зарплаты,Оклад — курьер,154846.08
2026-04-02,IT,CRM — подписка,33092.24
2026-04-15,Маркетинг,Email-рассылка,63184.59
2026-04-15,Аренда,Аренда офиса,24214.62
2026-02-14,Зарплаты,Премия квартальная,131637.54
2026-06-14,Маркетинг,SEO-продвижение,129765.27
2026-02-23,Аренда,Аренда шоурума,16187.0
2026-03-17,IT,Хостинг сайта,9122.41
2026-01-26,Логистика,Возврат товара — доставка,38123.73
2026-04-08,Зарплаты,Больничный,178892.77
2026-06-26,Закупка товара,Закупка — поставщик РФ,254297.76
2026-02-15,Логистика,Курьерская служба,38255.73
2026-01-24,IT,Разработка сайта,20612.35
2026-02-12,IT,Разработка сайта,52591.65
2026-05-02,Маркетинг,Промо-акция,107832.05
2026-01-11,IT,1С — обслуживание,1705.46
2026-02-27,Маркетинг,Блогер — интеграция,84596.82
2026-06-24,Логистика,Доставка Почта России,30367.48
2026-06-19,Логистика,Транспортировка со склада,21682.36
2026-06-20,Зарплаты,Оклад — маркетолог,25151.62
2026-01-25,IT,Домен — продление,27345.19
2026-06-05,Маркетинг,Контент для соцсетей,24671.46
2026-01-06,Зарплаты,Оклад — бухгалтер,94336.68
2026-05-27,Зарплаты,Оклад — бухгалтер,178274.98
2026-01-30,Офис,Ремонт офиса,6615.49
2026-01-17,Маркетинг,Таргет ВКонтакте,28211.87
2026-04-25,IT,1С — обслуживание,19550.66
2026-03-23,Закупка товара,Закупка — образцы,152333.49
2026-04-13,Аренда,Аренда офиса,197646.37
2026-05-05,Аренда,Аренда склада,158322.71
2026-01-11,IT,Телефония,43821.43
2026-02-11,Маркетинг,Дизайн баннеров,68367.51
2026-05-13,IT,Облачное хранилище,16862.27
2026-06-26,Аренда,Коммунальные услуги офис,230972.71
2026-01-03,Логистика,Доставка Почта России,10166.42
2026-06-24,IT,CRM — подписка,41190.9
2026-06-17,Офис,Подарки сотрудникам,9449.77
2026-03-05,Маркетинг,Таргет ВКонтакте,78933.74
2026-02-09,Закупка товара,Таможенные сборы,242500.26
2026-05-22,Зарплаты,Оклад — бухгалтер,56613.34
2026-05-20,Логистика,Возврат товара — доставка,20892.38
2026-01-29,Логистика,Международная доставка,21963.83
2026-01-08,Зарплаты,Оклад — бухгалтер,37813.95
2026-06-13,Закупка товара,Таможенные сборы,136918.13
2026-02-13,Зарплаты,Оклад — дизайнер,159431.87
2026-05-29,IT,1С — обслуживание,31385.55
2026-02-10,Логистика,Доставка Почта России,41880.93
2026-01-23,Офис,Канцелярия,7151.69
2026-01-21,Офис,Мебель,11085.24
2026-04-29,Зарплаты,Оклад — маркетолог,116695.04
2026-05-28,Зарплаты,Оклад — менеджер,157793.47
2026-04-21,Зарплаты,Больничный,26373.88
2026-05-04,Офис,Уборка офиса,18530.04
2026-01-20,IT,1С — обслуживание,65197.13
2026-04-06,Логистика,Доставка по Москве,37137.22
2026-04-06,Зарплаты,Оклад — курьер,113562.41
2026-01-02,Зарплаты,Оклад — дизайнер,162511.65
2026-03-29,IT,1С — обслуживание,30161.47
2026-05-28,Аренда,Коммунальные услуги склад,91001.74
2026-04-19,Логистика,Доставка Почта России,30491.24
2026-04-14,Офис,Ремонт офиса,6424.92
2026-01-28,Логистика,Доставка Boxberry,17311.28
2026-01-31,Логистика,Доставка Почта России,12001.78
2026-04-06,Зарплаты,Оклад — кладовщик,140411.29
2026-03-30,IT,1С — обслуживание,20553.45
2026-01-12,Логистика,Доставка СДЭК,14545.37
2026-01-02,Зарплаты,Оклад — кладовщик,178963.1
2026-04-06,Зарплаты,Оклад — бухгалтер,114932.83
2026-02-11,Маркетинг,Таргет ВКонтакте,117113.2
2026-02-08,Маркетинг,SEO-продвижение,126799.34
2026-01-27,Маркетинг,Реклама Telegram,50892.36
2026-02-05,Аренда,Коммунальные услуги офис,23399.99
2026-03-12,Маркетинг,Дизайн баннеров,12438.68
2026-03-24,Аренда,Аренда офиса,170635.1
2026-01-03,Офис,Новогодний корпоратив,21798.56
2026-02-20,IT,Техподдержка,7953.63
2026-05-06,Маркетинг,Email-рассылка,95948.14
2026-04-07,Аренда,Аренда офиса,107471.13
2026-02-19,Зарплаты,Подработка — сезон,150344.19
2026-04-15,Офис,Мебель,11402.68
2026-06-25,IT,Облачное хранилище,28052.11
2026-05-27,Закупка товара,Таможенные сборы,5927.39
2026-05-08,Зарплаты,Оклад — курьер,42475.27
2026-04-24,Зарплаты,Оклад — кладовщик,100991.67
2026-05-28,Офис,Мебель,19363.23
2026-02-16,Зарплаты,Оклад — менеджер,69499.06
2026-06-25,Зарплаты,Подработка — сезон,126464.23
2026-05-01,Маркетинг,Таргет ВКонтакте,4425.63
2026-01-28,Офис,Подарки сотрудникам,17351.12
2026-04-19,Аренда,Коммунальные услуги офис,215602.27
2026-06-24,Маркетинг,Промо-акция,62983.66
2026-02-18,Маркетинг,Контент для соцсетей,123139.69
2026-01-16,IT,Антивирус — лицензия,7473.83
2026-06-05,Маркетинг,Яндекс.Директ,35117.96
2026-03-17,Аренда,Парковка,69322.67
2026-03-17,Зарплаты,Больничный,87372.06
2026-01-17,Логистика,Экспресс-доставка,30318.52
2026-02-14,Аренда,Аренда шоурума,207721.06
2026-01-29,IT,Облачное хранилище,77049.12
2026-05-18,Закупка товара,Закупка — поставщик Китай,83358.43
2026-01-04,IT,Телефония,24951.85
2026-03-21,Аренда,Аренда склада,150990.91
2026-03-17,Зарплаты,Больничный,109229.06
2026-01-24,Закупка товара,Закупка — расходники упаковка,309479.21
2026-05-22,Зарплаты,Оклад — маркетолог,165477.05
2026-06-04,IT,Домен — продление,62807.29
2026-01-24,Логистика,Экспресс-доставка,7096.1
2026-01-05,Аренда,Аренда склада,62770.72
2026-04-10,IT,CRM — подписка,26300.22
2026-04-23,IT,Антивирус — лицензия,19797.85
2026-03-20,Офис,Обеды для команды,13409.89
2026-02-09,IT,Хостинг сайта,54513.27
2026-05-18,Закупка товара,Закупка — расходники упаковка,344899.97
2026-05-12,Офис,Уборка офиса,12251.57
2026-06-26,Закупка товара,Закупка — поставщик Китай,43596.49
2026-05-07,Маркетинг,Email-рассылка,54186.1
2026-04-04,IT,Домен — продление,58037.54
2026-03-24,Аренда,Парковка,167129.51
2026-01-15,Аренда,Коммунальные услуги офис,206827.01
2026-03-14,Логистика,Курьерская служба,20184.17
2026-01-03,Логистика,Доставка СДЭК,28172.03
2026-05-04,Зарплаты,Премия квартальная,74896.26
2026-01-03,Маркетинг,Промо-акция,137032.61
2026-02-01,Закупка товара,Закупка — новый поставщик,190943.75
2026-05-11,IT,Разработка сайта,73609.85
2026-06-22,Логистика,Доставка Boxberry,42196.59
2026-05-16,Закупка товара,Закупка — расходники упаковка,244324.69
2026-06-24,Офис,Подарки сотрудникам,8999.58
2026-03-04,Маркетинг,Блогер — интеграция,39310.62
2026-01-22,IT,Облачное хранилище,47879.35
2026-05-15,IT,Антивирус — лицензия,8587.34
2026-01-01,IT,Техподдержка,66169.25
2026-01-20,Офис,Новогодний корпоратив,23355.6
2026-04-08,Офис,Ремонт офиса,4482.45
2026-04-03,Маркетинг,Блогер — интеграция,15814.32
2026-04-11,Закупка товара,Закупка — расходники упаковка,256696.91
2026-06-07,Закупка товара,Закупка — поставщик РФ,345923.71
2026-06-21,IT,Антивирус — лицензия,13187.12
2026-01-31,Аренда,Аренда шоурума,74079.86
2026-04-08,Офис,Уборка офиса,8106.93
2026-06-13,Логистика,Доставка Почта России,41362.88
2026-06-04,Маркетинг,Email-рассылка,101135.77
2026-05-15,Аренда,Коммунальные услуги офис,241830.37
2026-06-01,IT,Облачное хранилище,9495.54
2026-03-19,Логистика,Транспортировка со склада,5304.04
2026-03-13,Логистика,Доставка Почта России,18606.0
2026-03-04,Маркетинг,Блогер — интеграция,30686.68
2026-03-07,Логистика,Доставка по Москве,16705.74
2026-05-13,IT,Антивирус — лицензия,59534.64
2026-05-14,Маркетинг,Email-рассылка,48116.56
2026-01-20,Закупка товара,Закупка — расходники упаковка,125656.73
2026-04-30,Закупка товара,Закупка — поставщик РФ,115094.98
2026-06-07,Аренда,Аренда шоурума,153997.33
2026-03-09,Логистика,Доставка по Москве,11617.88
2026-02-04,Зарплаты,Оклад — бухгалтер,85036.2
2026-04-22,Маркетинг,Таргет ВКонтакте,15803.28
2026-01-19,Маркетинг,Дизайн баннеров,83876.99
2026-03-28,Маркетинг,Таргет ВКонтакте,60297.75
2026-04-22,Маркетинг,Контент для соцсетей,34765.44
2026-05-12,Зарплаты,Оклад — менеджер,95282.01
2026-03-01,Логистика,Доставка Почта России,42914.57
2026-06-03,IT,Техподдержка,65782.72
2026-06-29,Зарплаты,Подработка — сезон,71331.54
2026-06-11,Аренда,Аренда шоурума,48786.25
2026-01-08,Офис,Вода и кофе,19400.04
2026-05-04,Закупка товара,Закупка — сезонная коллекция,157449.89
2026-04-18,Зарплаты,Оклад — менеджер,57059.33
2026-01-13,IT,Телефония,40011.67
2026-03-17,Аренда,Аренда офиса,211462.1
2026-04-08,Логистика,Экспресс-доставка,17463.86
2026-03-26,Маркетинг,Реклама Telegram,5573.37
2026-01-05,Офис,Ремонт офиса,4830.01
2026-05-17,IT,Домен — продление,78260.78
2026-04-13,Аренда,Коммунальные услуги склад,52178.36
2026-04-28,Логистика,Доставка Почта России,28477.13
2026-02-08,IT,Домен — продление,2804.41
2026-03-13,Маркетинг,Таргет ВКонтакте,99378.33
2026-04-18,Аренда,Парковка,134338.53
2026-03-17,Аренда,Аренда офиса,56621.34
2026-06-28,Закупка товара,Закупка — сезонная коллекция,314120.56
2026-06-27,IT,Домен — продление,36050.61
2026-03-03,Закупка товара,Закупка — расходники упаковка,280635.3
2026-05-07,IT,Антивирус — лицензия,78379.47
2026-01-11,Закупка товара,Сертификация товара,143478.54
2026-02-24,IT,Облачное хранилище,60034.58
2026-06-14,Зарплаты,Оклад — маркетолог,168073.74
2026-05-30,Закупка товара,Закупка — поставщик Китай,77048.63
2026-05-19,Закупка товара,Закупка — образцы,154354.12
2026-05-17,Офис,Подарки сотрудникам,17018.97
2026-06-07,Аренда,Коммунальные услуги склад,198358.26
2026-03-11,Маркетинг,Яндекс.Директ,101747.37
2026-01-25,IT,Техподдержка,15309.73
2026-02-14,Маркетинг,Дизайн баннеров,7199.17
2026-03-12,Офис,Мебель,10632.23
2026-02-19,Зарплаты,Оклад — менеджер,67448.55
2026-03-22,Логистика,Транспортировка со склада,1637.03
2026-06-26,IT,CRM — подписка,30892.34
2026-03-03,Логистика,Международная доставка,30088.78
2026-04-09,Логистика,Доставка СДЭК,13627.37
2026-04-19,IT,Техподдержка,61813.2
2026-06-05,Аренда,Аренда склада,83863.13
2026-06-05,Закупка товара,Закупка — образцы,12038.26
2026-03-02,Логистика,Транспортировка со склада,24217.8
2026-04-28,Маркетинг,Email-рассылка,96755.44
2026-04-16,Офис,Вода и кофе,8451.37
2026-05-14,Закупка товара,Закупка — поставщик РФ,48712.91
2026-04-18,Логистика,Доставка по Москве,1967.86
2026-05-06,Аренда,Аренда шоурума,194389.75
2026-02-07,Зарплаты,Оклад — дизайнер,104269.25
2026-02-25,Офис,Обеды для команды,4760.91
2026-04-14,Закупка товара,Закупка — образцы,131709.81
2026-05-10,Закупка товара,Закупка — поставщик РФ,338370.93
2026-03-07,Закупка товара,Закупка — новый поставщик,36930.1
2026-05-05,IT,Домен — продление,16730.72
2026-05-18,Аренда,Коммунальные услуги склад,224665.45
2026-02-26,Маркетинг,Промо-акция,44687.7
2026-06-22,Аренда,Коммунальные услуги склад,182573.53
2026-01-06,Зарплаты,Оклад — курьер,50934.31
2026-06-05,Логистика,Доставка Boxberry,29862.46
2026-02-08,Закупка товара,Таможенные сборы,23361.65
2026-05-06,Аренда,Коммунальные услуги склад,85558.09
2026-01-10,IT,Антивирус — лицензия,35961.94
2026-06-09,Закупка товара,Закупка — поставщик Китай,165512.32
2026-03-21,Закупка товара,Таможенные сборы,217628.79
2026-03-16,IT,Хостинг сайта,12070.71
2026-01-21,Закупка товара,Закупка — расходники упаковка,86526.99
2026-04-26,IT,Хостинг сайта,42131.28
2026-01-08,IT,Телефония,62669.93
2026-03-03,Закупка товара,Закупка — новый поставщик,218800.08
2026-02-20,Закупка товара,Закупка — поставщик Китай,214227.49
2026-06-12,IT,CRM — подписка,27231.68
2026-03-15,Логистика,Международная доставка,2549.99
2026-06-14,IT,Хостинг сайта,53153.92
2026-05-06,Маркетинг,Блогер — интеграция,99989.8
2026-02-08,IT,Разработка сайта,45575.48
2026-01-11,Зарплаты,Оклад — менеджер,141617.5
2026-01-31,Аренда,Аренда склада,248570.76
2026-06-28,Зарплаты,Премия квартальная,144480.62
2026-03-08,Маркетинг,Контент для соцсетей,33393.74
2026-05-30,Логистика,Доставка по Москве,30233.27
2026-04-12,Офис,Вода и кофе,7865.64
2026-02-23,Аренда,Коммунальные услуги офис,162729.33
2026-02-07,IT,CRM — подписка,19665.24
2026-06-16,Зарплаты,Оклад — менеджер,94059.23
2026-03-24,Зарплаты,Оклад — менеджер,101142.11
2026-03-17,Офис,Канцелярия,5308.61
2026-01-27,Зарплаты,Оклад — маркетолог,150039.27
2026-02-28,Закупка товара,Сертификация товара,110581.72
2026-01-29,Закупка товара,Закупка — расходники упаковка,273945.44
2026-04-09,IT,Техподдержка,42458.56
2026-02-05,Аренда,Парковка,108560.49
2026-02-22,Закупка товара,Закупка — новый поставщик,343159.38
2026-03-12,Логистика,Доставка Boxberry,32767.81
2026-06-12,Логистика,Курьерская служба,12955.71
2026-03-24,Закупка товара,Закупка — новый поставщик,239228.51
2026-01-26,Зарплаты,Премия квартальная,39108.89
2026-01-25,Маркетинг,Реклама Telegram,14438.94
2026-06-13,Зарплаты,Премия квартальная,93665.7
2026-06-24,Закупка товара,Закупка — образцы,149660.33
2026-03-21,IT,Разработка сайта,62108.67
2026-05-18,Логистика,Доставка Почта России,33526.43
2026-02-04,Зарплаты,Премия квартальная,42209.77
2026-03-22,Логистика,Транспортировка со склада,39951.94
2026-01-26,Маркетинг,Яндекс.Директ,49165.36
2026-03-03,Аренда,Коммунальные услуги офис,120848.5
2026-04-09,Офис,Обеды для команды,21598.78
2026-04-02,Аренда,Аренда склада,245712.12
2026-05-04,Офис,Уборка офиса,19455.2
2026-06-27,Аренда,Аренда офиса,189777.29
2026-06-15,Аренда,Парковка,235113.83
2026-05-22,Маркетинг,Таргет ВКонтакте,53585.9
2026-04-29,Логистика,Доставка по Москве,9668.64
2026-04-18,IT,Телефония,49672.15
2026-05-26,IT,CRM — подписка,34726.01
2026-05-25,Офис,Новогодний корпоратив,21141.99
2026-06-11,Логистика,Экспресс-доставка,1148.04
2026-06-29,IT,Телефония,54284.91
2026-06-13,Зарплаты,Оклад — бухгалтер,60989.21
2026-03-19,Закупка товара,Закупка — новый поставщик,8801.78
2026-06-02,Логистика,Экспресс-доставка,19791.2
2026-06-13,Аренда,Аренда склада,49486.36
2026-01-18,Логистика,Доставка Почта России,39248.11
2026-03-20,Маркетинг,Промо-акция,109792.46
2026-06-18,Закупка товара,Закупка — новый поставщик,103030.71
2026-05-25,Офис,Ремонт офиса,22533.14
2026-06-24,Закупка товара,Таможенные сборы,95675.46
2026-01-11,Офис,Подарки сотрудникам,20474.45
2026-04-28,Маркетинг,Промо-акция,44723.21
2026-01-07,Зарплаты,Подработка — сезон,48365.46
2026-02-24,Маркетинг,Контент для соцсетей,72784.76
2026-03-20,Аренда,Парковка,207353.28
2026-05-24,IT,Техподдержка,53560.75
2026-04-17,Офис,Ремонт офиса,8031.22
2026-01-10,Закупка товара,Закупка — образцы,65567.08
2026-03-04,Аренда,Аренда офиса,104262.35
2026-05-13,Маркетинг,Промо-акция,105216.11
2026-06-30,Маркетинг,Реклама Telegram,58270.7
2026-01-06,IT,Техподдержка,71769.71
2026-04-20,Аренда,Коммунальные услуги офис,22687.83
2026-06-16,IT,CRM — подписка,55486.22
2026-01-23,Зарплаты,Оклад — курьер,101454.61
2026-01-19,Закупка товара,Закупка — поставщик Китай,164447.78
2026-05-09,Офис,Вода и кофе,8617.3
2026-03-27,Зарплаты,Оклад — менеджер,52800.9
2026-06-27,Маркетинг,Дизайн баннеров,70234.51
2026-04-03,Зарплаты,Оклад — кладовщик,117828.16
2026-02-11,Офис,Вода и кофе,2425.57
2026-03-27,Офис,Канцелярия,1739.17
2026-06-02,Маркетинг,Промо-акция,59492.56
2026-04-12,Зарплаты,Подработка — сезон,27776.86
2026-02-14,Закупка товара,Закупка — расходники упаковка,282857.74
2026-03-29,Логистика,Доставка СДЭК,42727.65
2026-05-15,IT,Антивирус — лицензия,2622.47
2026-01-11,Логистика,Доставка СДЭК,24377.25
2026-04-12,Логистика,Экспресс-доставка,34024.23
2026-02-15,Логистика,Возврат товара — доставка,43757.45
2026-01-16,Маркетинг,Таргет ВКонтакте,45751.7
2026-06-22,Маркетинг,Реклама Telegram,24087.46
2026-06-23,Офис,Мебель,13238.83
2026-05-01,Аренда,Аренда шоурума,195108.82
2026-01-13,Аренда,Аренда склада,184297.19
2026-03-15,Закупка товара,Закупка — поставщик РФ,56949.15
2026-06-21,Закупка товара,Закупка — допартия,271611.55
2026-01-25,Офис,Новогодний корпоратив,14363.49
2026-05-18,Офис,Ремонт офиса,6901.92
2026-05-06,Закупка товара,Закупка — новый поставщик,66562.55
2026-05-11,IT,Хостинг сайта,29706.49
2026-01-31,Офис,Канцелярия,6703.51
2026-03-18,Аренда,Парковка,213020.28
2026-06-24,Закупка товара,Закупка — новый поставщик,153987.54
2026-02-25,Логистика,Доставка Почта России,33778.14
2026-03-03,Логистика,Курьерская служба,14642.81
2026-06-10,IT,Хостинг сайта,47809.93
2026-05-28,Аренда,Коммунальные услуги склад,67191.8
2026-06-20,Офис,Новогодний корпоратив,12410.64
2026-06-03,IT,CRM — подписка,27552.79
2026-05-10,Аренда,Коммунальные услуги склад,64549.79
2026-04-27,Офис,Ремонт офиса,17176.67
2026-04-07,Офис,Обеды для команды,13872.85
2026-06-19,Маркетинг,Email-рассылка,80808.81
2026-04-23,Зарплаты,Оклад — менеджер,132768.46
2026-04-27,Закупка товара,Закупка — сезонная коллекция,208836.67
2026-05-03,Зарплаты,Оклад — бухгалтер,72644.67
2026-05-28,Офис,Уборка офиса,17246.38
2026-02-05,Зарплаты,Оклад — курьер,81109.45
2026-01-23,Закупка товара,Закупка — образцы,258207.04
2026-03-26,Аренда,Аренда шоурума,176960.62
2026-06-15,Логистика,Доставка Почта России,9540.56
2026-06-11,Закупка товара,Закупка — расходники упаковка,170148.17
2026-04-21,Зарплаты,Оклад — менеджер,64077.25
2026-01-17,IT,Антивирус — лицензия,67621.46
2026-02-09,Закупка товара,Закупка — поставщик РФ,309753.05
2026-05-26,Маркетинг,Дизайн баннеров,55598.29
2026-01-24,Логистика,Транспортировка со склада,14145.66
2026-03-28,Логистика,Доставка СДЭК,18595.86
2026-04-24,Маркетинг,Блогер — интеграция,146184.47
2026-04-29,Аренда,Аренда шоурума,152609.11
2026-02-04,Зарплаты,Оклад — дизайнер,97540.64
2026-01-29,IT,Разработка сайта,2122.04
2026-05-15,IT,Техподдержка,26142.05
2026-03-29,Логистика,Транспортировка со склада,1046.18
2026-05-25,Офис,Уборка офиса,9120.74
2026-04-24,Зарплаты,Премия квартальная,123011.69
2026-05-15,Офис,Вода и кофе,13255.2
2026-05-10,IT,CRM — подписка,6183.74
2026-04-28,Закупка товара,Закупка — сезонная коллекция,37529.06
2026-04-19,Зарплаты,Подработка — сезон,107292.9
2026-01-04,Зарплаты,Оклад — менеджер,42055.5
2026-05-01,Закупка товара,Закупка — поставщик Китай,113369.2
2026-06-04,IT,1С — обслуживание,76636.41
2026-03-03,Маркетинг,Яндекс.Директ,93957.68
2026-01-03,Закупка товара,Закупка — допартия,105417.06
2026-06-11,Закупка товара,Закупка — поставщик РФ,162118.58
2026-06-29,Зарплаты,Оклад — кладовщик,95303.93
2026-04-07,IT,Хостинг сайта,6298.85
2026-06-25,Зарплаты,Премия квартальная,26255.18
2026-05-01,Аренда,Аренда офиса,118344.26
2026-01-30,Маркетинг,Контент для соцсетей,40605.2
2026-02-08,IT,Техподдержка,55065.06
2026-04-06,IT,1С — обслуживание,20953.41
2026-01-16,IT,CRM — подписка,10594.81
2026-05-24,Зарплаты,Оклад — дизайнер,112406.23
2026-05-24,Логистика,Доставка Почта России,7250.51
2026-03-26,Зарплаты,Оклад — дизайнер,117963.16
2026-04-20,Офис,Мебель,16825.1
2026-06-04,Закупка товара,Закупка — поставщик РФ,35557.67
2026-01-29,Аренда,Аренда склада,83379.48
2026-01-30,Аренда,Парковка,241335.33
2026-04-21,Аренда,Коммунальные услуги склад,121020.53
2026-04-22,Офис,Вода и кофе,14168.67
2026-02-16,Зарплаты,Оклад — бухгалтер,74039.44
2026-02-02,Логистика,Доставка по Москве,15584.59
2026-04-08,IT,CRM — подписка,36288.12
2026-04-06,Зарплаты,Оклад — менеджер,86450.36
2026-03-30,IT,Хостинг сайта,10063.03
2026-06-07,Офис,Подарки сотрудникам,10191.77
2026-03-22,IT,Разработка сайта,56716.03
2026-04-04,Офис,Новогодний корпоратив,19214.49
2026-06-11,IT,Домен — продление,39518.89
2026-03-07,Логистика,Курьерская служба,34727.68
2026-01-28,IT,CRM — подписка,64691.91
2026-05-20,Зарплаты,Оклад — маркетолог,138531.82
2026-02-15,Закупка товара,Закупка — сезонная коллекция,248445.65
2026-03-30,Аренда,Аренда офиса,115232.98
2026-03-24,Логистика,Транспортировка со склада,43301.62
2026-05-18,Аренда,Парковка,29885.31
2026-03-14,Зарплаты,Оклад — кладовщик,106815.89
2026-05-01,Зарплаты,Оклад — кладовщик,149436.58
2026-02-22,IT,Хостинг сайта,42100.27
2026-03-29,Офис,Ремонт офиса,19330.67
2026-06-30,IT,Антивирус — лицензия,55336.28
2026-05-18,Закупка товара,Сертификация товара,297078.94
2026-03-23,Зарплаты,Оклад — менеджер,160371.07
2026-03-21,IT,CRM — подписка,24770.48
2026-02-11,Зарплаты,Премия квартальная,144134.73
2026-04-15,IT,Хостинг сайта,71882.81
2026-03-11,Зарплаты,Оклад — менеджер,56308.53
2026-06-11,Зарплаты,Премия квартальная,120073.62
2026-04-19,Маркетинг,SEO-продвижение,46833.57
2026-02-04,Аренда,Парковка,39342.83
2026-02-19,Закупка товара,Закупка — образцы,28169.54
2026-04-11,Закупка товара,Закупка — новый поставщик,253469.32
2026-05-02,Офис,Обеды для команды,6819.63
2026-03-20,Зарплаты,Оклад — маркетолог,86364.5
2026-05-11,IT,CRM — подписка,50233.73
2026-03-26,Офис,Уборка офиса,1081.95
2026-04-18,Офис,Мебель,6896.91
2026-01-14,Маркетинг,Блогер — интеграция,55418.87
2026-02-03,Офис,Уборка офиса,6119.91
2026-06-23,Аренда,Коммунальные услуги склад,135663.02
2026-06-12,Логистика,Курьерская служба,17943.3
2026-03-19,Закупка товара,Закупка — образцы,226458.01
2026-01-29,Зарплаты,Оклад — кладовщик,101232.19
2026-04-11,Закупка товара,Закупка — расходники упаковка,113492.99
2026-06-25,IT,Телефония,49297.32
2026-04-17,IT,Разработка сайта,16694.43
2026-05-19,Закупка товара,Закупка — образцы,192141.15
2026-06-24,Зарплаты,Оклад — бухгалтер,120827.9
2026-01-10,Логистика,Доставка Boxberry,21881.32
2026-06-17,Логистика,Экспресс-доставка,16255.3
2026-01-21,Маркетинг,Яндекс.Директ,103392.44
2026-05-27,Офис,Вода и кофе,22718.56
2026-04-17,Логистика,Международная доставка,21327.95
2026-06-27,Маркетинг,Дизайн баннеров,20827.34
2026-01-18,Логистика,Международная доставка,27074.89
2026-02-23,IT,Домен — продление,59260.0
2026-06-09,IT,Телефония,8055.88
2026-04-05,Аренда,Коммунальные услуги офис,44043.35
2026-06-11,Зарплаты,Оклад — дизайнер,43821.04
2026-02-12,Зарплаты,Премия квартальная,125117.06
2026-01-07,Логистика,Доставка СДЭК,34634.19
2026-03-21,IT,CRM — подписка,12645.32
2026-05-05,Логистика,Международная доставка,28485.92
2026-04-06,Закупка товара,Закупка — поставщик РФ,25673.44
2026-03-07,Зарплаты,Оклад — дизайнер,37904.38
2026-03-23,Зарплаты,Оклад — бухгалтер,163315.19
2026-04-07,IT,1С — обслуживание,16142.82
2026-02-10,Закупка товара,Закупка — образцы,145636.22
2026-03-19,Аренда,Аренда склада,168111.15
2026-05-05,Логистика,Курьерская служба,32683.19
2026-01-24,Закупка товара,Закупка — поставщик Китай,195526.74
2026-04-29,IT,Домен — продление,37060.48
2026-05-30,Маркетинг,Дизайн баннеров,130103.71
2026-04-10,Зарплаты,Премия квартальная,131269.55
2026-03-04,Аренда,Парковка,100467.69
2026-01-05,Офис,Обеды для команды,11480.28
2026-02-26,Аренда,Аренда шоурума,159436.98
2026-02-07,Офис,Канцелярия,8591.09
2026-06-27,Логистика,Доставка Boxberry,14646.95
2026-01-08,Закупка товара,Закупка — сезонная коллекция,335058.4
2026-06-21,Аренда,Коммунальные услуги склад,67300.24
2026-02-24,Закупка товара,Закупка — поставщик РФ,69837.81
2026-01-11,IT,Телефония,60854.98
2026-02-01,Зарплаты,Оклад — курьер,33626.24
2026-05-06,Закупка товара,Закупка — образцы,192243.26
2026-06-22,Закупка товара,Закупка — расходники упаковка,57853.13
2026-05-27,IT,Хостинг сайта,33988.44
2026-03-10,Офис,Подарки сотрудникам,4652.79
2026-01-06,Маркетинг,Контент для соцсетей,144045.57
2026-05-31,Офис,Подарки сотрудникам,10242.84
2026-05-21,Закупка товара,Закупка — расходники упаковка,279884.75
2026-03-28,Маркетинг,Дизайн баннеров,145519.8
2026-02-11,IT,Домен — продление,79377.72
2026-01-03,Закупка товара,Закупка — сезонная коллекция,89748.06
2026-03-31,Маркетинг,Email-рассылка,143650.34
2026-06-27,Офис,Обеды для команды,2715.82
2026-02-05,Офис,Уборка офиса,19051.55
2026-04-28,Закупка товара,Закупка — сезонная коллекция,172243.72
2026-04-04,Маркетинг,Реклама Telegram,118403.9
2026-03-09,Маркетинг,Таргет ВКонтакте,71484.61
2026-03-23,Закупка товара,Закупка — допартия,30143.87
2026-05-20,IT,1С — обслуживание,67495.94
2026-02-23,Закупка товара,Закупка — образцы,167877.96
2026-02-04,Закупка товара,Таможенные сборы,29819.18
2026-05-05,Зарплаты,Оклад — менеджер,83894.93
2026-03-14,Офис,Вода и кофе,7455.78
2026-01-05,Закупка товара,Таможенные сборы,338468.08
2026-01-05,Закупка товара,Сертификация товара,89391.84
2026-02-20,Офис,Ремонт офиса,6003.7
2026-05-04,Логистика,Курьерская служба,20230.56
2026-06-24,IT,Антивирус — лицензия,15999.69
2026-06-09,Офис,Мебель,5421.78
2026-06-30,IT,Телефония,46610.82
2026-05-06,Аренда,Парковка,230372.54
2026-01-21,Закупка товара,Таможенные сборы,77186.96
2026-03-08,Офис,Обеды для команды,14076.82
2026-03-10,Закупка товара,Закупка — сезонная коллекция,154780.22
2026-06-11,Закупка товара,Закупка — расходники упаковка,7480.84
2026-03-07,Закупка товара,Закупка — поставщик Китай,59643.95
2026-05-20,Аренда,Коммунальные услуги склад,160381.56
2026-04-17,Офис,Вода и кофе,16697.19
2026-05-30,Маркетинг,Реклама Telegram,117430.67
2026-02-04,Офис,Обеды для команды,11055.34
2026-01-28,Логистика,Доставка СДЭК,43126.7
2026-02-23,Закупка товара,Закупка — поставщик Китай,221291.91
2026-04-03,Офис,Уборка офиса,425000.0
2026-05-09,Логистика,Доставка Почта России,9327.95
2026-03-19,Аренда,Аренда офиса,99807.05
2026-03-06,Закупка товара,Таможенные сборы,347322.0
2026-05-22,IT,Антивирус — лицензия,58638.38
2026-06-17,Маркетинг,Таргет ВКонтакте,8073.76
2026-03-31,Маркетинг,SEO-продвижение,104590.06
2026-01-01,Аренда,Аренда склада,181564.54
2026-02-11,Аренда,Коммунальные услуги склад,167695.7
2026-01-07,Логистика,Доставка по Москве,20013.29
2026-04-24,Закупка товара,Сертификация товара,76124.86
2026-03-01,Логистика,Доставка Boxberry,13344.74
2026-01-18,Маркетинг,Реклама Telegram,48636.65
2026-02-18,Закупка товара,Закупка — поставщик РФ,17587.66
2026-06-12,Аренда,Аренда шоурума,111900.67
2026-03-09,IT,Телефония,75071.08
2026-04-15,Аренда,Аренда склада,51243.43
2026-04-16,Офис,Мебель,22764.04
2026-03-11,Логистика,Экспресс-доставка,23227.81
2026-04-01,Зарплаты,Оклад — маркетолог,58347.39
2026-02-05,Офис,Подарки сотрудникам,4566.55
2026-03-08,Логистика,Доставка СДЭК,923.57
2026-02-03,Офис,Подарки сотрудникам,23773.38
2026-05-01,Логистика,Международная доставка,17442.3
2026-03-17,Закупка товара,Закупка — образцы,161319.79
2026-01-20,Офис,Уборка офиса,22921.68
2026-04-28,Аренда,Парковка,178023.27
2026-05-12,Логистика,Курьерская служба,43341.41
2026-04-07,Маркетинг,Email-рассылка,130743.17
2026-04-09,Закупка товара,Закупка — расходники упаковка,252829.34
2026-02-08,Офис,Канцелярия,6203.86
2026-06-17,IT,Антивирус — лицензия,42472.0
2026-01-14,Аренда,Коммунальные услуги офис,218476.03
2026-03-17,IT,Телефония,18368.43
2026-06-17,Логистика,Доставка СДЭК,30059.07
2026-05-03,Аренда,Парковка,72715.13
2026-04-05,Логистика,Экспресс-доставка,25223.82
2026-02-06,IT,CRM — подписка,24281.09
2026-05-04,Маркетинг,Яндекс.Директ,41295.14
2026-02-19,Офис,Канцелярия,16848.82
2026-03-09,Маркетинг,Контент для соцсетей,45759.55
2026-04-09,Логистика,Экспресс-доставка,8637.75
2026-04-03,Маркетинг,Таргет ВКонтакте,13452.45
2026-04-06,IT,Техподдержка,33631.49
2026-04-19,Аренда,Коммунальные услуги склад,168700.56
2026-04-01,Логистика,Экспресс-доставка,6696.7
2026-05-31,IT,Облачное хранилище,54845.98
2026-02-14,Маркетинг,Промо-акция,39096.82
2026-06-08,Закупка товара,Закупка — новый поставщик,214179.59
2026-06-24,Зарплаты,Оклад — курьер,157835.15
2026-02-12,Зарплаты,Оклад — курьер,59303.06
2026-05-10,Маркетинг,Таргет ВКонтакте,72113.88
2026-06-24,Зарплаты,Больничный,174073.22
2026-01-12,Зарплаты,Оклад — курьер,174774.62
2026-06-05,Закупка товара,Закупка — сезонная коллекция,96444.54
2026-06-20,Аренда,Аренда шоурума,70795.03
2026-06-26,Маркетинг,Контент для соцсетей,124204.38
2026-05-13,Закупка товара,Закупка — расходники упаковка,147251.63
2026-02-24,Зарплаты,Оклад — кладовщик,74658.62
2026-01-22,Аренда,Парковка,238477.3
2026-04-12,Зарплаты,Оклад — менеджер,70409.28
2026-03-14,Зарплаты,Премия квартальная,108120.31
2026-01-12,Зарплаты,Больничный,35412.02
2026-06-29,Маркетинг,Яндекс.Директ,86740.4
2026-06-08,Логистика,Доставка Почта России,42428.36
2026-03-07,Зарплаты,Оклад — менеджер,53509.2
2026-05-12,IT,Антивирус — лицензия,9181.98
2026-06-18,Аренда,Коммунальные услуги офис,142138.99
2026-02-08,IT,Хостинг сайта,69075.4
2026-01-25,Аренда,Коммунальные услуги склад,108701.59
2026-02-15,Аренда,Аренда шоурума,35968.87
2026-05-28,IT,Техподдержка,61634.77
2026-04-28,Закупка товара,Закупка — поставщик Китай,109243.12
2026-03-21,Офис,Вода и кофе,8887.99
2026-03-18,Офис,Ремонт офиса,16684.65
2026-05-18,Офис,Ремонт офиса,19040.88
2026-06-04,Зарплаты,Оклад — дизайнер,142321.3
2026-02-19,Закупка товара,Закупка — сезонная коллекция,116699.07
2026-04-08,Закупка товара,Закупка — новый поставщик,220698.93
2026-06-20,Аренда,Аренда офиса,175285.67
2026-02-11,IT,Разработка сайта,37145.07
2026-05-22,Зарплаты,Оклад — курьер,58925.3
2026-01-25,Аренда,Коммунальные услуги офис,172081.51
2026-05-02,Зарплаты,Оклад — маркетолог,133855.08
2026-04-01,Зарплаты,Оклад — курьер,134467.91
2026-03-29,Офис,Обеды для команды,4858.52
2026-05-04,Зарплаты,Оклад — менеджер,125076.09
2026-02-27,IT,1С — обслуживание,20382.79
2026-06-06,IT,Разработка сайта,56146.34
2026-05-28,IT,Техподдержка,39868.75
2026-06-08,Офис,Мебель,2951.1
2026-03-22,Офис,Вода и кофе,17816.84
2026-05-23,Аренда,Аренда шоурума,99672.05
2026-01-03,Офис,Ремонт офиса,21980.21
2026-05-25,Логистика,Международная доставка,28255.24
2026-04-18,IT,Техподдержка,77773.75
2026-03-25,Зарплаты,Подработка — сезон,41690.99
2026-05-29,Зарплаты,Оклад — дизайнер,141939.1
2026-05-10,IT,Домен — продление,25314.03
2026-06-07,Маркетинг,SEO-продвижение,97480.07
2026-06-30,Аренда,Коммунальные услуги офис,63377.33
2026-01-05,Аренда,Коммунальные услуги офис,187244.96
2026-06-25,IT,CRM — подписка,53939.2
2026-02-04,Офис,Обеды для команды,6027.82
2026-01-22,Офис,Подарки сотрудникам,3659.32
2026-04-15,Аренда,Аренда офиса,243983.63
2026-05-15,Закупка товара,Сертификация товара,293116.34
2026-04-18,Маркетинг,SEO-продвижение,15525.19
2026-01-28,Маркетинг,Email-рассылка,14910.21
2026-05-11,Офис,Новогодний корпоратив,11191.65
2026-05-23,Аренда,Аренда шоурума,109080.92
2026-02-14,Маркетинг,Блогер — интеграция,96289.8
2026-03-31,Закупка товара,Сертификация товара,300476.42
2026-04-07,Маркетинг,Дизайн баннеров,125107.04
2026-03-22,Маркетинг,Таргет ВКонтакте,116432.25
2026-06-12,Логистика,Доставка Boxberry,43266.81
2026-02-21,Зарплаты,Подработка — сезон,35534.04
2026-01-26,Логистика,Транспортировка со склада,17570.72
2026-03-31,Аренда,Коммунальные услуги офис,239470.73
2026-03-14,Аренда,Аренда офиса,73138.18
2026-04-26,Аренда,Аренда шоурума,166398.75
2026-02-14,Маркетинг,Таргет ВКонтакте,34056.19
2026-01-12,Маркетинг,Таргет ВКонтакте,60245.6
2026-03-03,Аренда,Аренда шоурума,71271.29
2026-03-02,Логистика,Экспресс-доставка,41625.3
2026-05-28,Аренда,Коммунальные услуги офис,104971.52
2026-03-19,Маркетинг,Блогер — интеграция,71853.29
2026-03-21,Зарплаты,Оклад — маркетолог,127579.13
2026-04-22,Закупка товара,Закупка — поставщик РФ,112008.48
2026-06-28,Офис,Обеды для команды,22903.81
2026-01-14,Зарплаты,Оклад — менеджер,41418.67
2026-06-03,Маркетинг,Таргет ВКонтакте,15400.25
2026-05-02,Закупка товара,Закупка — поставщик РФ,262254.52
2026-01-28,Закупка товара,Сертификация товара,148238.69
2026-03-06,Офис,Ремонт офиса,508.66
2026-03-10,IT,Домен — продление,1751.02
2026-02-15,Логистика,Доставка Почта России,18068.17
2026-04-23,Логистика,Международная доставка,11062.41
2026-01-10,Офис,Уборка офиса,5527.08
2026-05-25,Офис,Канцелярия,4217.31
2026-04-14,Логистика,Курьерская служба,3861.25
2026-02-05,Аренда,Коммунальные услуги склад,204127.26
2026-04-05,IT,Антивирус — лицензия,15610.71
2026-06-13,Зарплаты,Оклад — дизайнер,113258.24
2026-01-21,Закупка товара,Закупка — расходники упаковка,276753.69
2026-05-20,Закупка товара,Закупка — расходники упаковка,151672.94
2026-05-19,IT,Облачное хранилище,37908.28
2026-03-10,Аренда,Парковка,83468.74
2026-06-09,Закупка товара,Таможенные сборы,108610.49
2026-05-14,Офис,Уборка офиса,18001.6
2026-01-22,IT,CRM — подписка,18818.6
2026-06-29,IT,Хостинг сайта,19584.05
2026-05-10,Логистика,Доставка Почта России,40231.05
2026-06-30,Закупка товара,Закупка — поставщик РФ,99341.13
2026-05-16,Логистика,Курьерская служба,23558.45
2026-02-15,Логистика,Доставка Почта России,19229.5
2026-02-07,Маркетинг,Таргет ВКонтакте,82774.73
2026-06-08,Офис,Канцелярия,22817.54
2026-04-15,Закупка товара,Закупка — поставщик Китай,95082.09
2026-06-16,Аренда,Аренда склада,150025.06
2026-02-23,IT,Облачное хранилище,28595.72
2026-05-01,Закупка товара,Закупка — допартия,38151.03
2026-05-07,Маркетинг,Email-рассылка,124077.45
2026-05-07,IT,Разработка сайта,23749.0
2026-05-12,Офис,Ремонт офиса,16558.78
2026-06-07,Логистика,Транспортировка со склада,38280.8
2026-02-26,Закупка товара,Закупка — расходники упаковка,123392.63
2026-06-17,Зарплаты,Больничный,53916.05
2026-04-13,IT,1С — обслуживание,11326.5
2026-02-25,Офис,Мебель,5358.87
2026-05-23,Зарплаты,Оклад — маркетолог,172282.41
2026-01-22,Аренда,Коммунальные услуги офис,103559.2
2026-01-17,Офис,Подарки сотрудникам,7290.06
2026-02-01,Закупка товара,Сертификация товара,332051.43
2026-01-25,Закупка товара,Закупка — сезонная коллекция,265472.41
2026-04-18,Аренда,Коммунальные услуги склад,80390.3
2026-02-19,Офис,Мебель,7272.45
2026-03-28,Аренда,Коммунальные услуги офис,121307.99
2026-04-01,Логистика,Транспортировка со склада,897.11
2026-03-14,Офис,Новогодний корпоратив,3187.61
2026-05-11,Зарплаты,Оклад — маркетолог,167889.56
2026-04-01,Зарплаты,Премия квартальная,179017.74
2026-06-05,Закупка товара,Сертификация товара,347336.21
2026-06-24,Зарплаты,Оклад — курьер,83225.06
2026-06-15,Зарплаты,Оклад — курьер,63733.9
2026-05-02,Офис,Мебель,1707.63
2026-05-21,IT,Техподдержка,39488.28
2026-06-01,Зарплаты,Оклад — менеджер,118257.66
2026-02-21,Логистика,Международная доставка,26667.0
2026-04-14,Маркетинг,Email-рассылка,95756.16
2026-01-26,Маркетинг,Таргет ВКонтакте,50267.57
2026-03-28,Аренда,Коммунальные услуги склад,49782.91
2026-03-30,Зарплаты,Оклад — менеджер,85274.83
2026-04-15,IT,Телефония,27463.88
2026-03-29,IT,1С — обслуживание,60822.93
2026-04-19,Аренда,Парковка,191077.74
2026-03-17,IT,Домен — продление,10501.94
2026-04-03,Зарплаты,Премия квартальная,74507.54
2026-03-19,Офис,Ремонт офиса,11692.48
2026-04-29,Маркетинг,Дизайн баннеров,84857.64
2026-05-19,Офис,Мебель,16726.68
2026-02-05,Закупка товара,Закупка — расходники упаковка,317782.6
2026-06-15,IT,Антивирус — лицензия,26865.25
2026-01-22,Логистика,Доставка Boxberry,19690.96
2026-03-31,Логистика,Возврат товара — доставка,16870.07
2026-02-19,Закупка товара,Таможенные сборы,63814.6
2026-05-10,Аренда,Аренда склада,67535.11
2026-03-01,Закупка товара,Закупка — поставщик РФ,39922.67
2026-06-02,Маркетинг,SEO-продвижение,11959.05
2026-02-14,IT,Домен — продление,8335.29
2026-05-02,Логистика,Доставка Почта России,3619.62
2026-06-25,Закупка товара,Сертификация товара,121553.13
2026-01-17,Офис,Уборка офиса,17807.27
2026-06-18,Закупка товара,Закупка — образцы,238828.74
2026-01-16,Аренда,Аренда офиса,93617.19
2026-06-15,Закупка товара,Закупка — новый поставщик,106248.37
2026-01-18,Закупка товара,Сертификация товара,299430.45
2026-02-03,Маркетинг,Email-рассылка,138334.09
2026-02-25,Логистика,Доставка по Москве,32661.12
2026-01-29,Офис,Подарки сотрудникам,24680.39
2026-05-10,Маркетинг,Яндекс.Директ,45057.67
2026-01-02,Закупка товара,Сертификация товара,45650.87
2026-02-26,Логистика,Экспресс-доставка,36320.94
2026-01-08,IT,CRM — подписка,67023.41
2026-04-05,IT,Облачное хранилище,75187.48
2026-02-23,Офис,Уборка офиса,5298.47
2026-06-24,Логистика,Доставка Boxberry,29244.89
2026-04-12,Офис,Новогодний корпоратив,13937.04
2026-03-28,Закупка товара,Закупка — поставщик Китай,8400.35
2026-05-14,Закупка товара,Закупка — расходники упаковка,250619.98
2026-06-26,Зарплаты,Оклад — маркетолог,140751.77
2026-01-20,Логистика,Доставка СДЭК,42663.8
2026-01-31,IT,CRM — подписка,7543.15
2026-03-13,Маркетинг,Промо-акция,13375.61
2026-01-15,Аренда,Парковка,245306.41
2026-01-08,Закупка товара,Закупка — новый поставщик,28311.64
2026-01-29,Маркетинг,Промо-акция,35678.02
2026-04-24,Аренда,Коммунальные услуги склад,188511.39
2026-05-09,Аренда,Аренда офиса,39136.43
2026-04-05,IT,Техподдержка,10577.22
2026-03-29,Зарплаты,Оклад — менеджер,129420.06
2026-03-15,Аренда,Коммунальные услуги склад,43004.4
2026-06-02,Аренда,Аренда офиса,23301.67
2026-05-06,Аренда,Аренда склада,43564.59
2026-05-23,Закупка товара,Закупка — новый поставщик,169083.0
2026-01-01,IT,Хостинг сайта,76128.23
2026-06-22,Маркетинг,Блогер — интеграция,125273.6
2026-06-24,Аренда,Коммунальные услуги офис,73958.9
2026-04-27,Офис,Вода и кофе,7553.84
2026-01-22,IT,Хостинг сайта,23658.44
2026-01-29,Маркетинг,Таргет ВКонтакте,64871.15
2026-01-23,Офис,Подарки сотрудникам,20213.7
2026-06-07,Логистика,Доставка Почта России,11485.43
2026-02-12,IT,Антивирус — лицензия,2890.59
2026-01-19,Офис,Новогодний корпоратив,14892.47
2026-03-26,Логистика,Доставка по Москве,18779.73
2026-06-25,IT,Облачное хранилище,48483.64
2026-06-30,Логистика,Доставка СДЭК,7328.87
2026-02-12,Зарплаты,Оклад — маркетолог,133451.57
2026-02-05,Аренда,Коммунальные услуги склад,167818.64
2026-05-05,Закупка товара,Сертификация товара,253593.31
2026-01-27,Закупка товара,Закупка — поставщик РФ,348400.31
2026-05-17,Офис,Обеды для команды,24393.05
2026-05-27,IT,1С — обслуживание,44148.38
2026-05-27,Маркетинг,Промо-акция,45782.09
2026-02-17,IT,Антивирус — лицензия,17219.99
2026-03-09,IT,CRM — подписка,3273.08
2026-03-12,IT,1С — обслуживание,39703.15
2026-01-21,Логистика,Доставка по Москве,3012.88
2026-01-24,IT,1С — обслуживание,79137.89
2026-03-04,Логистика,Доставка СДЭК,33554.08
2026-06-08,Зарплаты,Больничный,32097.79
2026-04-18,Офис,Подарки сотрудникам,14417.21
2026-03-04,Логистика,Курьерская служба,24408.98
2026-03-21,Закупка товара,Закупка — сезонная коллекция,88007.28
2026-06-28,Закупка товара,Закупка — образцы,5032.05
2026-06-12,Офис,Канцелярия,4438.08
2026-02-15,Зарплаты,Оклад — бухгалтер,89333.18
2026-02-13,Аренда,Аренда склада,122203.38
2026-06-19,Зарплаты,Оклад — дизайнер,75436.54
2026-06-10,Офис,Уборка офиса,15892.08
2026-03-08,Закупка товара,Таможенные сборы,200123.23
2026-06-28,IT,Антивирус — лицензия,18288.45
2026-05-26,Офис,Новогодний корпоратив,23972.6
2026-03-18,Логистика,Экспресс-доставка,17046.23
2026-04-04,Офис,Ремонт офиса,17815.28
2026-01-23,IT,CRM — подписка,67732.87
2026-02-17,Маркетинг,Email-рассылка,43219.99
2026-01-07,Закупка товара,Закупка — допартия,14824.97
2026-05-22,Закупка товара,Закупка — сезонная коллекция,204451.9
2026-04-03,Маркетинг,Дизайн баннеров,37974.85
2026-03-04,Закупка товара,Сертификация товара,191009.38
2026-01-04,Зарплаты,Оклад — бухгалтер,86909.83
2026-06-19,Логистика,Экспресс-доставка,31940.58
2026-04-24,Аренда,Коммунальные услуги офис,208072.25
2026-03-09,Аренда,Аренда склада,56716.04
2026-03-04,Зарплаты,Премия квартальная,74957.21
2026-02-24,Аренда,Парковка,68560.74
2026-05-28,Аренда,Коммунальные услуги склад,22262.6
2026-04-13,Логистика,Доставка СДЭК,44937.53
2026-06-11,Логистика,Экспресс-доставка,22303.46
2026-05-27,Аренда,Аренда офиса,239212.14
2026-06-02,Закупка товара,Сертификация товара,103831.89
2026-05-27,Аренда,Аренда склада,194212.32
2026-03-06,Логистика,Курьерская служба,34809.58
2026-02-20,Логистика,Доставка Почта России,8572.61
2026-06-21,Закупка товара,Закупка — новый поставщик,69623.3
2026-02-20,Офис,Обеды для команды,7423.69
2026-04-02,Аренда,Коммунальные услуги склад,164518.08
2026-01-24,Аренда,Аренда шоурума,38805.07
2026-01-22,Логистика,Транспортировка со склада,24623.93
2026-05-04,Офис,Подарки сотрудникам,19127.95
2026-06-16,Закупка товара,Закупка — поставщик Китай,198629.55
2026-02-18,Офис,Ремонт офиса,4222.95
2026-01-19,IT,Хостинг сайта,29662.55
2026-06-05,Маркетинг,Яндекс.Директ,23131.36
2026-01-11,IT,Телефония,6693.96
2026-01-12,Офис,Обеды для команды,23825.11
2026-02-26,Логистика,Курьерская служба,25331.62
2026-02-13,Зарплаты,Оклад — кладовщик,95495.22
2026-02-02,IT,1С — обслуживание,79011.66
2026-06-27,Маркетинг,Яндекс.Директ,148808.8
2026-02-25,IT,Разработка сайта,7156.89
2026-02-23,Логистика,Доставка СДЭК,41088.78
2026-03-21,Закупка товара,Закупка — расходники упаковка,249875.07
2026-06-30,Зарплаты,Оклад — кладовщик,142857.3
2026-01-08,IT,Разработка сайта,26318.14
2026-05-30,Маркетинг,Промо-акция,81768.64
2026-05-10,Аренда,Парковка,169786.43
2026-01-11,Аренда,Коммунальные услуги офис,144627.58
2026-06-04,Логистика,Экспресс-доставка,29677.18
2026-05-06,Зарплаты,Оклад — дизайнер,131797.77
2026-04-16,Аренда,Коммунальные услуги склад,199237.42
2026-03-17,Аренда,Коммунальные услуги склад,242335.26
2026-05-27,Логистика,Доставка Почта России,42619.7
2026-03-08,Логистика,Доставка Почта России,6540.58
2026-04-01,IT,Хостинг сайта,16695.49
2026-05-31,Зарплаты,Оклад — бухгалтер,47970.96
2026-02-14,Офис,Ремонт офиса,4965.87
2026-05-20,Логистика,Курьерская служба,2029.57
2026-04-02,IT,Техподдержка,77876.46
2026-06-28,Зарплаты,Оклад — бухгалтер,140956.6
2026-04-05,IT,Телефония,73232.11
2026-02-12,Офис,Вода и кофе,17089.91
2026-02-09,Офис,Мебель,16366.46
2026-05-31,Закупка товара,Закупка — сезонная коллекция,37967.05
2026-06-07,Офис,Вода и кофе,10434.05
2026-04-04,IT,Разработка сайта,35073.86
2026-05-18,IT,Домен — продление,67390.06
2026-02-25,Аренда,Аренда склада,20800.62
2026-04-14,Маркетинг,SEO-продвижение,48503.34
2026-01-15,Офис,Мебель,17273.05
2026-01-07,Офис,Ремонт офиса,10468.34
2026-03-08,Аренда,Аренда склада,118503.29
2026-02-03,Офис,Вода и кофе,22700.45
2026-06-19,Закупка товара,Закупка — расходники упаковка,303889.05
2026-02-19,Офис,Обеды для команды,19546.2
2026-05-02,Логистика,Транспортировка со склада,36770.76
2026-04-06,Офис,Ремонт офиса,8907.65
2026-04-02,IT,Разработка сайта,54763.79
2026-05-06,Маркетинг,Реклама Telegram,108606.4
2026-02-18,Логистика,Транспортировка со склада,32339.52
2026-05-21,Закупка товара,Сертификация товара,67074.89
2026-03-13,Логистика,Доставка Почта России,7233.62
2026-04-28,Аренда,Парковка,182327.9
2026-05-07,Офис,Ремонт офиса,7117.98
2026-06-20,Закупка товара,Таможенные сборы,206068.16
2026-05-13,IT,Хостинг сайта,56756.24
2026-02-27,Аренда,Парковка,146401.68
2026-03-08,Аренда,Коммунальные услуги офис,141328.12
2026-06-12,Аренда,Аренда офиса,104300.0
2026-01-17,Зарплаты,Подработка — сезон,177928.94
2026-06-10,Логистика,Транспортировка со склада,41636.87
2026-04-30,Офис,Подарки сотрудникам,2428.39
2026-01-29,Закупка товара,Таможенные сборы,248184.48
2026-01-11,Аренда,Аренда шоурума,52273.69
2026-01-13,Офис,Обеды для команды,23109.31
2026-06-25,Логистика,Транспортировка со склада,39166.51
2026-01-20,Логистика,Возврат товара — доставка,41350.34
2026-03-25,Маркетинг,Дизайн баннеров,118739.25
2026-02-10,Аренда,Парковка,229408.45
2026-03-26,Маркетинг,Промо-акция,144872.33
2026-05-26,Закупка товара,Закупка — новый поставщик,224688.07
2026-06-19,Закупка товара,Закупка — расходники упаковка,204370.23
2026-05-26,Офис,Мебель,10392.5
2026-02-06,Аренда,Аренда склада,145352.53
2026-04-06,Логистика,Курьерская служба,21080.0
2026-03-12,Офис,Вода и кофе,1112.76
2026-01-14,IT,Хостинг сайта,26543.69
2026-02-11,Аренда,Аренда офиса,216962.93
2026-01-06,Закупка товара,Таможенные сборы,198437.2
2026-05-01,Логистика,Курьерская служба,13540.34
2026-04-07,Закупка товара,Закупка — допартия,133437.55
2026-02-25,Аренда,Аренда офиса,235031.03
2026-01-10,Офис,Мебель,13611.23
2026-01-30,Офис,Обеды для команды,535.59
2026-04-30,Аренда,Аренда шоурума,27483.05
2026-03-17,Логистика,Доставка Boxberry,4282.97
2026-06-07,Аренда,Аренда шоурума,200087.83
2026-03-02,Логистика,Доставка СДЭК,15512.52
2026-05-22,Зарплаты,Премия квартальная,170921.18
2026-06-10,Закупка товара,Закупка — расходники упаковка,165154.52
2026-04-07,Аренда,Парковка,119050.63
2026-02-21,Закупка товара,Таможенные сборы,335186.6
2026-01-15,Офис,Ремонт офиса,7217.26
2026-05-24,Офис,Подарки сотрудникам,5737.61
2026-04-01,Зарплаты,Оклад — маркетолог,25576.87
2026-05-01,Маркетинг,Промо-акция,127228.46
2026-06-07,Маркетинг,Реклама Telegram,29230.92
2026-06-04,Аренда,Аренда склада,225462.83
2026-06-03,Офис,Обеды для команды,7245.45
2026-04-15,IT,CRM — подписка,25064.41
2026-01-30,Маркетинг,SEO-продвижение,66764.99
2026-02-26,IT,Антивирус — лицензия,8245.37
2026-03-18,Аренда,Парковка,192798.51
2026-05-04,Логистика,Доставка Boxberry,41076.22
2026-04-08,Аренда,Парковка,105832.96
2026-06-08,Зарплаты,Оклад — кладовщик,155676.72
2026-06-03,Аренда,Коммунальные услуги склад,248805.27
2026-01-30,IT,Телефония,34653.62
2026-01-15,IT,Домен — продление,77664.54
2026-01-04,Маркетинг,Контент для соцсетей,134775.77
2026-01-13,Зарплаты,Оклад — маркетолог,135913.25
2026-06-18,Зарплаты,Подработка — сезон,47262.57
2026-02-13,Маркетинг,Дизайн баннеров,54966.08
2026-03-12,Аренда,Аренда склада,40700.76
2026-06-06,Логистика,Доставка по Москве,15297.88
2026-06-26,Зарплаты,Оклад — курьер,143240.45
2026-01-21,IT,Телефония,13148.26
2026-06-28,Аренда,Коммунальные услуги офис,119538.56
2026-01-18,Логистика,Доставка Почта России,33410.69
2026-05-26,Логистика,Доставка по Москве,35773.68
2026-03-15,Зарплаты,Оклад — маркетолог,142166.21
2026-05-23,Офис,Обеды для команды,19776.75
2026-04-11,Аренда,Коммунальные услуги склад,80870.53
2026-02-10,Офис,Канцелярия,24548.44
2026-05-02,Логистика,Курьерская служба,31087.77
2026-03-31,Офис,Обеды для команды,8267.5
2026-01-18,Маркетинг,Блогер — интеграция,143470.75
2026-02-06,Зарплаты,Премия квартальная,56263.92
2026-05-01,Зарплаты,Оклад — кладовщик,55311.84
2026-06-01,Маркетинг,Реклама Telegram,15580.39
2026-06-15,Закупка товара,Закупка — допартия,68161.85
2026-06-15,Закупка товара,Сертификация товара,303370.31
2026-02-05,Зарплаты,Оклад — кладовщик,53641.09
2026-04-16,Зарплаты,Оклад — кладовщик,74606.43
2026-05-25,Офис,Мебель,18003.9
2026-06-28,Зарплаты,Оклад — курьер,31807.2
2026-05-06,Логистика,Доставка по Москве,36101.08
2026-05-22,IT,1С — обслуживание,12984.53
2026-04-12,Закупка товара,Сертификация товара,184036.02
2026-05-29,Закупка товара,Сертификация товара,137646.45
2026-02-13,Офис,Канцелярия,9472.16
2026-06-27,Офис,Вода и кофе,24549.15
2026-05-06,Логистика,Возврат товара — доставка,30445.0
2026-03-13,IT,Телефония,46335.3
2026-06-26,Закупка товара,Закупка — поставщик РФ,171863.73
2026-04-29,Маркетинг,Дизайн баннеров,131927.1
2026-02-24,IT,CRM — подписка,46570.62
2026-05-27,Закупка товара,Закупка — образцы,104287.33
2026-03-12,Маркетинг,Email-рассылка,96532.6
2026-03-16,Маркетинг,Яндекс.Директ,80967.74
2026-03-20,Закупка товара,Таможенные сборы,215333.82
2026-02-11,Зарплаты,Оклад — дизайнер,108003.48
2026-01-03,Логистика,Доставка Почта России,4438.11
2026-01-23,Закупка товара,Таможенные сборы,238586.87
2026-02-23,IT,Техподдержка,38546.2
2026-04-29,IT,Разработка сайта,40033.94
2026-04-10,Логистика,Курьерская служба,22857.74
2026-03-09,Закупка товара,Закупка — новый поставщик,35408.54
2026-05-13,Закупка товара,Закупка — сезонная коллекция,232579.75
2026-02-09,Аренда,Аренда шоурума,111867.89
2026-02-09,Офис,Вода и кофе,24966.79
2026-06-12,Аренда,Аренда шоурума,239666.25
2026-06-23,IT,Домен — продление,44710.24
2026-05-10,Офис,Мебель,13325.8
2026-03-11,Маркетинг,SEO-продвижение,124536.85
2026-06-07,IT,Антивирус — лицензия,17048.16
2026-05-10,Закупка товара,Закупка — сезонная коллекция,24774.59
2026-05-20,Зарплаты,Оклад — маркетолог,75815.53
2026-05-12,Аренда,Аренда шоурума,45497.33
2026-03-16,Зарплаты,Оклад — бухгалтер,30066.12
2026-05-10,Маркетинг,Дизайн баннеров,21053.45
2026-06-16,Логистика,Транспортировка со склада,34523.64
2026-02-07,IT,Хостинг сайта,22904.71
2026-03-15,Аренда,Аренда склада,194796.78
2026-01-20,Аренда,Коммунальные услуги склад,73704.52
2026-01-01,Логистика,Курьерская служба,43251.18
2026-05-05,Маркетинг,Email-рассылка,64609.74
2026-03-03,IT,CRM — подписка,37163.74
2026-05-09,Офис,Обеды для команды,8513.69
2026-04-07,Зарплаты,Оклад — кладовщик,79714.18
2026-02-03,Логистика,Курьерская служба,39816.36
2026-05-02,Зарплаты,Оклад — менеджер,178453.51
2026-02-25,Закупка товара,Таможенные сборы,222721.59
2026-03-19,Маркетинг,SEO-продвижение,132677.3
2026-03-25,Маркетинг,Контент для соцсетей,106771.96
2026-06-11,Офис,Канцелярия,16030.23
2026-05-16,IT,Антивирус — лицензия,20972.39
2026-04-30,Офис,Вода и кофе,9048.98
2026-05-05,Аренда,Коммунальные услуги офис,102975.21
2026-02-24,Логистика,Доставка по Москве,6869.96
2026-06-07,Аренда,Аренда офиса,107344.33
2026-03-31,Офис,Ремонт офиса,23077.67
2026-03-09,IT,CRM — подписка,51331.96
2026-03-30,Аренда,Парковка,90039.35
2026-03-30,IT,Домен — продление,7770.88
2026-01-18,Закупка товара,Закупка — образцы,234996.64
2026-02-21,IT,Разработка сайта,15831.76
2026-01-28,IT,Антивирус — лицензия,24182.65
2026-06-15,Закупка товара,Закупка — сезонная коллекция,164934.74
2026-04-19,Закупка товара,Закупка — образцы,309270.95
2026-05-20,Аренда,Аренда офиса,16009.16
2026-01-04,Закупка товара,Закупка — расходники упаковка,42262.27
2026-01-21,Логистика,Международная доставка,24875.1
2026-03-08,Логистика,Доставка по Москве,34984.68
2026-03-30,Офис,Канцелярия,16806.06
2026-03-01,Закупка товара,Закупка — сезонная коллекция,156959.88
2026-02-12,IT,Домен — продление,18308.46
2026-06-19,IT,Разработка сайта,61743.17
2026-04-23,Закупка товара,Закупка — допартия,203024.83
2026-01-08,Закупка товара,Сертификация товара,265428.33
2026-03-19,Закупка товара,Закупка — поставщик Китай,21286.6
2026-02-13,Офис,Мебель,13023.76
2026-05-18,Логистика,Экспресс-доставка,10038.22
2026-04-30,Офис,Новогодний корпоратив,20203.7
2026-06-23,IT,Телефония,50845.26
2026-05-31,Зарплаты,Оклад — менеджер,66896.28
2026-06-12,Аренда,Коммунальные услуги склад,62413.28
2026-01-23,Закупка товара,Закупка — расходники упаковка,230160.97
2026-03-16,Офис,Канцелярия,11141.05
2026-05-08,Аренда,Аренда склада,78706.92
2026-05-09,Аренда,Парковка,52272.28
2026-01-29,IT,Телефония,10765.62
2026-06-06,Офис,Обеды для команды,5756.98
2026-05-02,Аренда,Аренда шоурума,73081.09
2026-01-14,Аренда,Коммунальные услуги склад,57213.73
2026-03-20,Маркетинг,Реклама Telegram,143777.57
2026-01-25,Офис,Уборка офиса,1159.03
2026-02-24,Зарплаты,Больничный,155577.99
2026-01-02,Офис,Канцелярия,15415.28
2026-06-13,Офис,Уборка офиса,5550.93
2026-05-27,Аренда,Аренда шоурума,81865.84
2026-05-27,Маркетинг,Таргет ВКонтакте,9346.05
2026-01-23,Закупка товара,Закупка — расходники упаковка,102447.74
2026-02-24,Маркетинг,Email-рассылка,73874.89
2026-01-04,Зарплаты,Оклад — маркетолог,45440.27
2026-04-08,Аренда,Аренда склада,86309.94
2026-02-28,Офис,Ремонт офиса,18888.5
2026-05-26,Офис,Новогодний корпоратив,8863.36
2026-06-06,Зарплаты,Оклад — маркетолог,69402.48
2026-01-16,Зарплаты,Оклад — бухгалтер,157138.3
2026-01-01,IT,Телефония,64695.35
2026-02-27,IT,Хостинг сайта,79230.91
2026-04-21,Логистика,Возврат товара — доставка,27794.65
2026-01-30,Закупка товара,Закупка — допартия,142415.8
2026-02-07,Офис,Мебель,21515.03
2026-05-28,IT,Техподдержка,68612.16
2026-03-26,IT,Облачное хранилище,6352.7
2026-02-13,Маркетинг,Реклама Telegram,57249.17
2026-06-21,Зарплаты,Подработка — сезон,36337.41
2026-06-05,Логистика,Возврат товара — доставка,9880.7
2026-01-14,Маркетинг,Промо-акция,87374.63
2026-06-25,Зарплаты,Оклад — кладовщик,106415.96
2026-06-16,Зарплаты,Оклад — менеджер,62615.8
2026-03-27,Маркетинг,Таргет ВКонтакте,43806.34
2026-02-17,Аренда,Коммунальные услуги склад,128674.09
2026-02-02,Офис,Уборка офиса,2101.34
2026-05-17,Логистика,Доставка Почта России,18918.65
2026-03-20,Логистика,Транспортировка со склада,41564.34
2026-06-23,Закупка товара,Закупка — сезонная коллекция,166877.61
2026-01-24,Закупка товара,Закупка — сезонная коллекция,9256.4
2026-06-10,Маркетинг,SEO-продвижение,66496.69
2026-04-20,IT,Хостинг сайта,28429.1
2026-01-03,Логистика,Доставка Почта России,14132.74
2026-01-16,Зарплаты,Оклад — маркетолог,53773.9
2026-03-03,Аренда,Аренда склада,140589.6
2026-06-14,Зарплаты,Больничный,127875.15
2026-06-20,Аренда,Коммунальные услуги склад,207205.58
2026-04-09,Закупка товара,Закупка — поставщик Китай,263037.9
2026-02-09,Аренда,Коммунальные услуги склад,40773.52
2026-04-20,Закупка товара,Таможенные сборы,134920.35
2026-01-09,Офис,Мебель,6437.65
2026-02-27,Офис,Обеды для команды,12028.37
2026-04-19,Закупка товара,Закупка — поставщик РФ,227878.56
2026-04-11,Зарплаты,Оклад — дизайнер,117819.53
2026-01-17,IT,Антивирус — лицензия,13160.43
2026-01-30,Маркетинг,Дизайн баннеров,37317.64
2026-05-23,Логистика,Доставка Boxberry,3772.95
2026-02-10,Аренда,Аренда склада,193319.73
2026-02-19,Офис,Мебель,19515.6
2026-06-01,Аренда,Аренда офиса,56383.59
2026-01-17,Маркетинг,Таргет ВКонтакте,102937.04
2026-03-10,Зарплаты,Оклад — курьер,145862.01
2026-02-18,Аренда,Парковка,165944.59
2026-02-24,IT,Антивирус — лицензия,78306.31
2026-02-24,Логистика,Доставка СДЭК,9835.5
2026-02-18,Зарплаты,Оклад — маркетолог,78953.26
2026-06-18,Закупка товара,Сертификация товара,14057.57
2026-01-06,Зарплаты,Оклад — курьер,179353.01
2026-06-30,Маркетинг,Дизайн баннеров,127202.56
2026-02-07,Закупка товара,Закупка — поставщик РФ,68526.65
2026-02-07,Аренда,Коммунальные услуги склад,103071.11
2026-02-06,Офис,Ремонт офиса,19500.56
2026-03-31,Закупка товара,Таможенные сборы,37961.49
2026-06-18,Аренда,Аренда шоурума,233189.39
2026-05-02,Маркетинг,Контент для соцсетей,37963.59
2026-06-13,Офис,Ремонт офиса,14821.72
2026-05-27,IT,Телефония,46484.97
2026-06-25,IT,Разработка сайта,16007.32
2026-03-12,Логистика,Международная доставка,41583.14
2026-01-05,Закупка товара,Закупка — допартия,196536.14
2026-03-12,Закупка товара,Закупка — поставщик Китай,62592.62
2026-05-31,IT,CRM — подписка,70042.1
2026-01-05,Закупка товара,Закупка — новый поставщик,273293.26
2026-01-12,Зарплаты,Оклад — бухгалтер,49762.74
2026-06-27,Логистика,Возврат товара — доставка,10594.56
2026-03-28,Аренда,Коммунальные услуги склад,111707.78
2026-05-08,Логистика,Доставка Boxberry,38851.96
2026-01-18,Аренда,Аренда офиса,234315.95
2026-05-14,IT,Телефония,60083.74
2026-01-22,IT,Хостинг сайта,58145.5
2026-04-05,Логистика,Возврат товара — доставка,15317.56
2026-03-25,Зарплаты,Оклад — маркетолог,140798.45
2026-05-25,Логистика,Курьерская служба,41121.57
2026-04-07,Логистика,Возврат товара — доставка,6299.77
2026-01-25,Офис,Ремонт офиса,18480.12
2026-05-20,Закупка товара,Сертификация товара,184977.12
2026-05-05,Аренда,Аренда шоурума,173200.32
2026-06-24,Маркетинг,Блогер — интеграция,147577.62
2026-05-14,Аренда,Коммунальные услуги склад,204951.62
2026-02-01,Маркетинг,SEO-продвижение,6999.15
2026-02-25,Аренда,Коммунальные услуги склад,163132.92
2026-06-25,Офис,Уборка офиса,14735.25
2026-01-01,Офис,Мебель,644.59
2026-03-29,IT,Домен — продление,2784.22
2026-02-03,Офис,Ремонт офиса,19117.39
2026-06-24,Закупка товара,Таможенные сборы,72504.98
2026-03-14,Аренда,Аренда офиса,97301.29
2026-05-01,Закупка товара,Закупка — поставщик Китай,302798.94
2026-03-23,Закупка товара,Закупка — новый поставщик,72085.26
2026-05-30,Логистика,Экспресс-доставка,3326.71
2026-03-09,Офис,Вода и кофе,14777.93
2026-01-23,IT,Домен — продление,23394.83
2026-06-28,Офис,Обеды для команды,727.53
2026-04-08,Логистика,Транспортировка со склада,39098.58
2026-04-04,Аренда,Аренда офиса,140787.18
2026-04-23,Закупка товара,Закупка — сезонная коллекция,18504.03
2026-04-20,IT,Антивирус — лицензия,6640.06
2026-02-05,Зарплаты,Оклад — кладовщик,137267.57
2026-04-22,IT,Разработка сайта,57196.47
2026-06-17,Маркетинг,Яндекс.Директ,55241.52
2026-02-18,Зарплаты,Оклад — кладовщик,107846.04
2026-05-24,IT,Домен — продление,50879.34
2026-04-27,Закупка товара,Закупка — новый поставщик,220020.73
2026-04-08,Маркетинг,Контент для соцсетей,118854.23
2026-02-14,Зарплаты,Оклад — менеджер,109936.82
2026-06-15,Зарплаты,Подработка — сезон,33677.87
2026-04-28,Зарплаты,Оклад — курьер,136595.24
2026-06-18,Закупка товара,Закупка — сезонная коллекция,150952.71
2026-06-14,Закупка товара,Таможенные сборы,138610.08
2026-04-11,IT,Облачное хранилище,30624.89
2026-05-02,Логистика,Международная доставка,42093.14
2026-03-13,Аренда,Парковка,224895.18
2026-03-31,Аренда,Аренда склада,142264.05
2026-06-04,Логистика,Доставка Почта России,4618.28
2026-04-18,Аренда,Коммунальные услуги офис,222126.78
2026-06-19,Аренда,Коммунальные услуги склад,97548.28
2026-02-15,Офис,Новогодний корпоратив,20982.0
2026-05-04,IT,CRM — подписка,16131.74
2026-04-20,Офис,Новогодний корпоратив,11975.28
2026-01-24,IT,CRM — подписка,10768.68
2026-02-20,Закупка товара,Таможенные сборы,14259.28
2026-06-03,IT,Хостинг сайта,77503.49
2026-05-26,Закупка товара,Закупка — образцы,119033.97
2026-04-04,Логистика,Доставка Почта России,23171.76
2026-05-12,IT,Телефония,65860.37
2026-05-09,Зарплаты,Больничный,148762.68
2026-03-28,Закупка товара,Таможенные сборы,270638.68
2026-01-22,Офис,Ремонт офиса,24585.62
2026-05-28,IT,Разработка сайта,45088.65
2026-06-22,Аренда,Коммунальные услуги офис,241416.55
2026-01-18,Офис,Канцелярия,3941.46
2026-04-12,Зарплаты,Оклад — кладовщик,72794.78
2026-06-05,IT,Телефония,50209.97
2026-02-18,Зарплаты,Оклад — дизайнер,157940.47
2026-05-22,Закупка товара,Таможенные сборы,124067.76
2026-01-19,Офис,Подарки сотрудникам,16340.75
2026-05-15,Маркетинг,Email-рассылка,89152.95
2026-03-09,Логистика,Курьерская служба,6138.87
2026-01-18,Аренда,Аренда шоурума,225919.5
2026-05-03,Аренда,Аренда склада,176713.2
2026-01-29,Закупка товара,Таможенные сборы,194655.53
2026-06-27,Аренда,Коммунальные услуги офис,169964.23
2026-06-17,Маркетинг,Таргет ВКонтакте,41111.95
2026-06-29,IT,Телефония,54620.44
2026-03-21,Офис,Канцелярия,14513.87
2026-06-21,Маркетинг,Блогер — интеграция,61050.86
2026-01-11,IT,Техподдержка,22480.22
2026-02-19,Закупка товара,Закупка — расходники упаковка,249462.54
2026-04-11,Зарплаты,Оклад — маркетолог,111139.64
2026-02-10,Закупка товара,Таможенные сборы,169189.31
2026-04-07,Офис,Канцелярия,15280.69
2026-03-15,Зарплаты,Оклад — маркетолог,162229.12
2026-04-28,Закупка товара,Закупка — сезонная коллекция,37631.31
2026-06-28,Логистика,Курьерская служба,19061.81
2026-05-06,IT,Разработка сайта,44958.72
2026-01-14,Маркетинг,Блогер — интеграция,131260.66
2026-05-05,Аренда,Парковка,190938.87
2026-02-23,Логистика,Экспресс-доставка,7549.44
2026-02-05,Офис,Ремонт офиса,4861.1
2026-03-13,Маркетинг,Контент для соцсетей,131008.57
2026-05-14,IT,CRM — подписка,20065.91
2026-01-16,Маркетинг,Контент для соцсетей,114818.6
2026-05-06,Логистика,Транспортировка со склада,32627.3
2026-03-17,Логистика,Доставка Почта России,15294.06
2026-02-07,IT,CRM — подписка,13807.8
2026-05-08,Маркетинг,Яндекс.Директ,90248.25
2026-03-15,Зарплаты,Оклад — кладовщик,126341.01
2026-05-08,Аренда,Аренда офиса,159358.15
2026-04-26,IT,Техподдержка,33825.5
2026-04-14,Зарплаты,Больничный,126168.49
2026-02-09,Маркетинг,Контент для соцсетей,24010.7
2026-06-28,IT,Облачное хранилище,23534.69
2026-04-08,Маркетинг,Дизайн баннеров,17127.12
2026-03-23,IT,CRM — подписка,39518.85
2026-04-08,Зарплаты,Больничный,155450.07
2026-01-23,Аренда,Аренда офиса,164503.89
2026-06-06,Закупка товара,Закупка — допартия,210954.94
2026-06-16,Зарплаты,Подработка — сезон,40175.85
2026-05-21,Зарплаты,Подработка — сезон,30604.17
2026-04-17,Логистика,Доставка по Москве,32717.39
2026-01-02,IT,CRM — подписка,38424.67
2026-04-15,Офис,Обеды для команды,13379.54
2026-04-06,Зарплаты,Оклад — дизайнер,109411.57
2026-06-27,Закупка товара,Закупка — поставщик Китай,84269.44
2026-03-19,Аренда,Аренда офиса,83524.85
2026-06-22,Логистика,Международная доставка,1330.35
2026-04-26,Офис,Ремонт офиса,24501.19
2026-06-07,Офис,Мебель,23064.83
2026-06-09,Логистика,Международная доставка,33947.51
2026-01-29,Зарплаты,Оклад — маркетолог,95516.34
2026-02-10,IT,1С — обслуживание,31907.82
2026-04-21,Маркетинг,Таргет ВКонтакте,46184.91
2026-03-22,Аренда,Аренда шоурума,83578.42
2026-01-17,IT,Хостинг сайта,76333.26
2026-01-23,Аренда,Аренда шоурума,39024.38
2026-01-20,Маркетинг,SEO-продвижение,117273.75
2026-01-10,Маркетинг,Реклама Telegram,139811.69
2026-06-10,Закупка товара,Таможенные сборы,268614.01
2026-05-04,Офис,Уборка офиса,21834.17
2026-02-06,IT,Техподдержка,75755.16
2026-03-17,Зарплаты,Оклад — курьер,37109.14
2026-04-11,Аренда,Аренда офиса,190460.9
2026-04-22,Маркетинг,Дизайн баннеров,47440.5
2026-01-29,Маркетинг,Промо-акция,46743.11
2026-05-29,Аренда,Аренда офиса,116023.72
2026-06-16,Маркетинг,Промо-акция,107607.46
2026-02-16,Зарплаты,Оклад — менеджер,77693.27
2026-01-28,Закупка товара,Закупка — новый поставщик,50339.1
2026-03-27,Офис,Вода и кофе,9389.08
2026-03-01,Логистика,Доставка Boxberry,35788.4
2026-06-15,Зарплаты,Премия квартальная,30676.22
2026-01-31,Маркетинг,Реклама Telegram,26162.0
2026-06-15,IT,CRM — подписка,61500.39
2026-05-01,Маркетинг,Промо-акция,37396.94
2026-02-27,Зарплаты,Оклад — кладовщик,173052.8
2026-04-13,Логистика,Возврат товара — доставка,38366.88
2026-06-23,Закупка товара,Сертификация товара,281155.37
2026-03-09,Зарплаты,Оклад — дизайнер,163706.01
2026-06-07,Офис,Обеды для команды,7918.6
2026-04-01,Офис,Обеды для команды,11790.31
2026-02-22,Логистика,Курьерская служба,22737.73
2026-06-04,Зарплаты,Оклад — кладовщик,152810.31
2026-03-29,Закупка товара,Закупка — расходники упаковка,283223.67
2026-02-06,Закупка товара,Закупка — сезонная коллекция,231859.21
2026-05-08,IT,Разработка сайта,31775.17
2026-01-21,Аренда,Коммунальные услуги офис,89488.4
2026-02-14,Зарплаты,Больничный,109685.21
2026-01-18,IT,CRM — подписка,43666.02
2026-02-08,IT,Облачное хранилище,42027.28
2026-06-30,Аренда,Парковка,88845.92
2026-03-05,Зарплаты,Оклад — кладовщик,80974.36
2026-03-27,IT,CRM — подписка,75806.95
2026-03-15,Закупка товара,Закупка — поставщик РФ,282133.85
2026-03-05,Аренда,Коммунальные услуги склад,44272.37
2026-05-17,Зарплаты,Оклад — дизайнер,115247.82
2026-02-27,Логистика,Курьерская служба,34133.5
2026-03-28,Логистика,Международная доставка,17589.42
2026-02-21,Аренда,Аренда офиса,112833.39
2026-01-12,Маркетинг,Блогер — интеграция,19292.62
2026-01-30,IT,Разработка сайта,77246.35
2026-06-30,Аренда,Аренда шоурума,61761.52
2026-05-02,Закупка товара,Сертификация товара,70341.58
2026-05-11,Закупка товара,Закупка — поставщик РФ,83799.53
2026-06-08,IT,Антивирус — лицензия,31094.2
2026-06-16,Офис,Обеды для команды,20097.53
2026-03-23,IT,1С — обслуживание,61715.39
2026-04-19,Закупка товара,Закупка — расходники упаковка,297255.92
2026-04-06,Логистика,Доставка СДЭК,38885.16
2026-05-22,Закупка товара,Закупка — допартия,49275.44
2026-03-07,Закупка товара,Закупка — поставщик РФ,151793.84
2026-01-15,IT,Телефония,11580.18
2026-02-10,Зарплаты,Больничный,35532.69
2026-06-19,Офис,Ремонт офиса,14299.56
2026-01-17,Маркетинг,Таргет ВКонтакте,64142.67
2026-05-21,Офис,Канцелярия,21359.0
2026-03-12,Логистика,Доставка по Москве,8810.51
2026-04-04,Закупка товара,Закупка — поставщик Китай,49228.33
2026-01-09,Закупка товара,Закупка — образцы,298750.29
2026-03-02,Офис,Новогодний корпоратив,2787.99
2026-03-01,Офис,Ремонт офиса,2779.15
2026-01-29,Закупка товара,Закупка — поставщик РФ,341108.5
2026-05-19,Закупка товара,Закупка — допартия,302642.22
2026-04-15,Логистика,Возврат товара — доставка,15501.16
2026-01-02,Офис,Уборка офиса,19065.24
2026-02-19,Зарплаты,Подработка — сезон,171683.58
2026-06-18,Логистика,Доставка СДЭК,42281.94
2026-01-23,Закупка товара,Закупка — новый поставщик,28093.8
2026-06-17,Зарплаты,Оклад — дизайнер,26796.24
2026-05-01,Офис,Обеды для команды,24114.74
2026-04-19,IT,Облачное хранилище,12705.09
2026-06-02,IT,Домен — продление,9763.59
2026-02-12,Закупка товара,Закупка — допартия,155342.5
2026-03-14,Офис,Новогодний корпоратив,23192.81
2026-02-04,Аренда,Аренда склада,229794.29
2026-02-09,Логистика,Доставка СДЭК,16513.88
2026-02-02,Закупка товара,Закупка — новый поставщик,342384.57
2026-01-18,Аренда,Коммунальные услуги офис,76806.57
2026-04-01,Офис,Канцелярия,18121.02
2026-01-11,Аренда,Аренда офиса,39639.26
2026-01-29,Офис,Подарки сотрудникам,5512.46
2026-03-20,Логистика,Доставка СДЭК,15247.2
2026-05-09,Аренда,Парковка,51631.06
2026-06-11,Закупка товара,Сертификация товара,349245.47
2026-04-12,Офис,Подарки сотрудникам,22446.13
2026-03-10,Маркетинг,Дизайн баннеров,20785.73
2026-01-24,Логистика,Экспресс-доставка,33170.3
2026-01-11,Логистика,Возврат товара — доставка,16917.6
2026-04-29,Закупка товара,Закупка — сезонная коллекция,93765.64
2026-03-02,Маркетинг,Яндекс.Директ,18662.84
2026-06-01,Офис,Уборка офиса,5122.39
2026-04-17,Маркетинг,Email-рассылка,109833.62
2026-02-28,IT,Техподдержка,34316.05
2026-04-15,IT,1С — обслуживание,72967.94
2026-01-30,IT,1С — обслуживание,36431.35
2026-05-14,Аренда,Аренда шоурума,238864.84
2026-03-19,Маркетинг,Таргет ВКонтакте,23258.61
2026-04-18,Офис,Канцелярия,1290.73
2026-01-15,Аренда,Аренда склада,25807.88
2026-05-03,Аренда,Аренда шоурума,231735.74
2026-04-01,Офис,Обеды для команды,4464.94
2026-04-02,Логистика,Международная доставка,2602.99
2026-03-07,Аренда,Коммунальные услуги склад,88443.04
2026-02-14,Зарплаты,Оклад — маркетолог,47363.08
2026-01-19,IT,Хостинг сайта,19613.76
2026-06-21,Аренда,Аренда шоурума,155473.72
2026-03-23,IT,Домен — продление,10900.82
2026-01-28,Аренда,Аренда офиса,200033.01
2026-03-23,Закупка товара,Закупка — сезонная коллекция,116687.74
2026-04-24,Офис,Уборка офиса,12929.55
2026-06-27,Логистика,Возврат товара — доставка,29692.8
2026-04-15,IT,Облачное хранилище,54381.15
2026-06-09,Офис,Канцелярия,20237.61
2026-05-29,Офис,Уборка офиса,24174.18
2026-04-25,IT,Облачное хранилище,69355.59
2026-04-23,Аренда,Аренда шоурума,44384.21
2026-01-22,Аренда,Парковка,201303.74
2026-05-31,Офис,Уборка офиса,19590.9
2026-01-03,Закупка товара,Закупка — сезонная коллекция,110422.32
2026-03-18,Маркетинг,Блогер — интеграция,41242.95
2026-05-25,Офис,Ремонт офиса,18310.81
2026-06-01,Закупка товара,Закупка — поставщик РФ,96177.38
2026-03-04,Зарплаты,Больничный,47002.27
2026-04-21,IT,Домен — продление,61602.11
2026-03-30,IT,Домен — продление,40562.64
2026-03-23,Офис,Вода и кофе,20234.14
2026-04-27,Маркетинг,Дизайн баннеров,86044.32
2026-05-03,Логистика,Транспортировка со склада,7890.47
2026-05-17,Закупка товара,Закупка — поставщик Китай,307824.66
2026-03-27,IT,Антивирус — лицензия,33709.25
2026-05-19,Офис,Ремонт офиса,5498.02
2026-03-30,Зарплаты,Подработка — сезон,146122.44
2026-01-05,Логистика,Доставка Boxberry,27979.61
2026-05-14,Зарплаты,Оклад — курьер,135620.0
2026-01-08,Зарплаты,Оклад — курьер,152428.97
2026-01-22,IT,Хостинг сайта,11442.14
2026-03-28,Зарплаты,Оклад — бухгалтер,130607.54
2026-01-12,Зарплаты,Оклад — бухгалтер,62688.63
2026-03-17,Маркетинг,Таргет ВКонтакте,41044.18
2026-02-09,IT,Разработка сайта,48019.49
2026-05-07,Логистика,Транспортировка со склада,37685.39
2026-02-01,Аренда,Аренда шоурума,89803.26
2026-06-19,IT,Антивирус — лицензия,31500.22
2026-02-09,Аренда,Аренда офиса,55772.27
2026-06-16,IT,Облачное хранилище,56100.21
2026-05-05,Аренда,Аренда офиса,201613.39
2026-04-12,Закупка товара,Закупка — новый поставщик,109365.04
2026-06-25,Зарплаты,Оклад — бухгалтер,65154.46
2026-02-05,IT,1С — обслуживание,76047.32
2026-06-01,Зарплаты,Оклад — маркетолог,168078.87
2026-01-13,Логистика,Возврат товара — доставка,2013.31
2026-04-16,Закупка товара,Закупка — сезонная коллекция,90238.4
2026-03-29,Зарплаты,Оклад — кладовщик,67898.14
2026-03-07,Логистика,Транспортировка со склада,36690.01
2026-03-21,Маркетинг,Контент для соцсетей,7082.64
2026-01-30,Логистика,Доставка Почта России,15727.88
2026-04-26,Маркетинг,Дизайн баннеров,59065.21
2026-01-21,Зарплаты,Оклад — курьер,59191.83
2026-01-27,Офис,Канцелярия,4286.77
2026-03-13,Закупка товара,Закупка — новый поставщик,301111.84
2026-04-05,Зарплаты,Оклад — дизайнер,30829.12
2026-06-01,Закупка товара,Сертификация товара,269313.18
2026-04-30,Закупка товара,Закупка — поставщик РФ,286712.8
2026-05-15,Закупка товара,Закупка — расходники упаковка,321977.42
2026-01-21,IT,Техподдержка,73124.88
2026-06-17,Закупка товара,Закупка — допартия,52686.34
2026-04-13,IT,1С — обслуживание,30370.92
2026-03-25,Маркетинг,Email-рассылка,47521.91
2026-05-08,Логистика,Курьерская служба,40802.89
2026-02-04,Офис,Подарки сотрудникам,24386.89
2026-06-02,Аренда,Аренда офиса,171679.32
2026-03-14,Маркетинг,Промо-акция,27831.75
2026-01-23,Зарплаты,Подработка — сезон,99249.79
2026-05-29,Логистика,Возврат товара — доставка,5140.55
2026-02-27,Закупка товара,Закупка — сезонная коллекция,256111.06
2026-02-10,Офис,Новогодний корпоратив,621.15
2026-03-27,IT,Домен — продление,36538.53
2026-06-09,Зарплаты,Оклад — дизайнер,43125.81
2026-06-05,IT,Антивирус — лицензия,16348.44
2026-03-26,Логистика,Международная доставка,14972.01
2026-03-08,Офис,Ремонт офиса,18936.97
2026-02-08,IT,Облачное хранилище,53710.44
2026-03-30,Логистика,Доставка Почта России,27168.45
2026-05-04,Офис,Уборка офиса,8551.67
2026-03-24,Аренда,Коммунальные услуги офис,52377.49
2026-04-23,Аренда,Аренда склада,129046.0
2026-06-04,Логистика,Возврат товара — доставка,17470.82
2026-03-19,Зарплаты,Оклад — маркетолог,82595.45
2026-01-23,Закупка товара,Закупка — сезонная коллекция,173904.1
2026-04-21,Офис,Канцелярия,15686.21
2026-05-09,Закупка товара,Закупка — поставщик Китай,233692.48
2026-02-08,IT,Хостинг сайта,52907.69
2026-02-26,Маркетинг,Яндекс.Директ,110036.5
2026-02-09,Аренда,Аренда склада,219942.82
2026-05-18,Зарплаты,Больничный,88009.45
2026-03-19,Зарплаты,Подработка — сезон,154227.4
2026-01-09,Логистика,Транспортировка со склада,3779.09
2026-05-11,Офис,Уборка офиса,19945.56
2026-01-31,Закупка товара,Закупка — сезонная коллекция,44876.2
2026-02-09,Зарплаты,Оклад — курьер,151334.43
2026-01-25,Закупка товара,Закупка — поставщик Китай,340712.11
2026-02-26,Маркетинг,Контент для соцсетей,8274.44
2026-05-15,Офис,Ремонт офиса,20966.3
2026-04-28,Маркетинг,Дизайн баннеров,50245.77
2026-02-04,Маркетинг,Email-рассылка,116472.15
2026-05-26,Офис,Вода и кофе,3622.06
2026-05-21,Зарплаты,Больничный,164885.17
2026-02-18,IT,Телефония,8304.66
2026-03-08,Закупка товара,Сертификация товара,275130.55
2026-03-13,Зарплаты,Подработка — сезон,125983.97
2026-02-22,Закупка товара,Таможенные сборы,101525.43
2026-06-08,Зарплаты,Оклад — бухгалтер,106256.01
2026-04-11,IT,CRM — подписка,68685.52
2026-03-05,Офис,Вода и кофе,11104.77
2026-03-01,Аренда,Коммунальные услуги офис,192065.17
2026-06-08,Логистика,Доставка Boxberry,41316.91
2026-04-06,Логистика,Доставка по Москве,3414.26
2026-04-08,Офис,Канцелярия,1608.23
2026-05-17,Логистика,Курьерская служба,44148.47
2026-02-09,Аренда,Парковка,218802.13
2026-03-30,Аренда,Аренда шоурума,59765.09
2026-06-04,Аренда,Коммунальные услуги офис,163012.24
2026-05-04,IT,Телефония,57900.2
2026-05-15,Логистика,Доставка Boxberry,29880.12
2026-04-19,Логистика,Доставка Boxberry,5777.81
2026-02-19,Зарплаты,Оклад — дизайнер,46314.47
2026-06-29,Аренда,Коммунальные услуги офис,140878.2
2026-02-04,Зарплаты,Оклад — бухгалтер,74345.29
2026-02-22,Офис,Новогодний корпоратив,23400.3
2026-01-05,Зарплаты,Оклад — менеджер,165407.91
2026-03-14,Аренда,Коммунальные услуги склад,102615.32
2026-03-21,Логистика,Доставка СДЭК,14704.45
2026-05-15,Зарплаты,Оклад — кладовщик,99837.2
2026-06-05,IT,Техподдержка,64058.24
2026-04-29,Аренда,Аренда офиса,121200.51
2026-05-08,Зарплаты,Оклад — дизайнер,34735.11
2026-01-14,IT,CRM — подписка,26886.77
2026-02-26,Офис,Канцелярия,20686.33
2026-05-31,Аренда,Парковка,204079.4
2026-03-13,IT,Хостинг сайта,75586.8
2026-03-01,IT,Антивирус — лицензия,36247.05
2026-01-31,Маркетинг,Яндекс.Директ,43946.49
2026-06-11,Аренда,Парковка,128989.09
2026-01-24,Маркетинг,Email-рассылка,95341.57
2026-05-11,Маркетинг,Email-рассылка,76324.18
2026-03-18,IT,Телефония,14163.55
2026-03-09,Зарплаты,Оклад — маркетолог,119395.28
2026-01-27,IT,Техподдержка,66358.5
2026-02-18,Офис,Обеды для команды,10624.57
2026-01-28,IT,1С — обслуживание,7136.26
2026-06-06,Закупка товара,Закупка — расходники упаковка,245061.18
2026-02-26,Маркетинг,Дизайн баннеров,66268.81
2026-05-27,Маркетинг,Яндекс.Директ,88853.87
2026-02-13,Офис,Ремонт офиса,657.3
2026-02-18,Закупка товара,Таможенные сборы,215460.86
2026-03-15,Аренда,Коммунальные услуги офис,45788.11
2026-04-01,Маркетинг,Email-рассылка,59036.69
2026-06-09,Зарплаты,Оклад — курьер,109006.4
2026-03-11,Зарплаты,Оклад — курьер,77315.26
2026-05-07,Маркетинг,SEO-продвижение,9349.64
2026-04-20,IT,Техподдержка,9520.57
2026-01-03,Закупка товара,Закупка — расходники упаковка,41772.14
2026-06-20,Аренда,Аренда офиса,236132.9
2026-02-01,Аренда,Коммунальные услуги офис,88770.18
2026-04-19,Маркетинг,Яндекс.Директ,79808.85
2026-06-14,Зарплаты,Оклад — курьер,44005.87
2026-01-12,Маркетинг,Реклама Telegram,36664.49
2026-04-08,Аренда,Аренда склада,114339.73
2026-05-27,Маркетинг,Контент для соцсетей,75370.72
2026-05-07,Закупка товара,Закупка — расходники упаковка,25331.87
2026-06-06,Аренда,Парковка,160342.84
2026-06-26,Маркетинг,Email-рассылка,42668.44
2026-05-17,Офис,Новогодний корпоратив,12806.46
2026-01-22,Закупка товара,Закупка — поставщик РФ,227150.4
2026-06-20,Закупка товара,Закупка — образцы,220209.32
2026-06-18,Закупка товара,Закупка — образцы,317680.2
2026-04-26,Зарплаты,Оклад — курьер,57485.64
2026-06-15,IT,Телефония,28736.88
2026-06-09,Маркетинг,Яндекс.Директ,94782.97
2026-02-04,Зарплаты,Больничный,94980.93
2026-01-05,IT,CRM — подписка,14476.54
2026-05-24,IT,Разработка сайта,71318.76
2026-04-28,Аренда,Аренда склада,106458.86
2026-03-06,Аренда,Аренда офиса,241891.95
2026-01-14,Офис,Канцелярия,15812.91
2026-06-09,IT,Разработка сайта,19582.32
2026-03-20,IT,Антивирус — лицензия,30610.51
2026-05-13,Офис,Канцелярия,17688.53
2026-01-17,Офис,Уборка офиса,20381.69
2026-05-26,Логистика,Доставка СДЭК,36996.55
2026-01-02,IT,Облачное хранилище,5542.24
2026-03-09,IT,Облачное хранилище,50281.02
2026-05-18,Офис,Подарки сотрудникам,20132.04
2026-05-25,Офис,Уборка офиса,2176.08
2026-06-21,Офис,Обеды для команды,22709.9
2026-01-02,Логистика,Доставка по Москве,41253.38
2026-02-07,IT,Техподдержка,16935.35
2026-06-01,Офис,Канцелярия,8114.57
2026-06-11,IT,Техподдержка,36524.18
2026-02-08,Закупка товара,Закупка — сезонная коллекция,318995.36
2026-06-12,Зарплаты,Оклад — менеджер,105876.97
2026-04-28,Зарплаты,Оклад — дизайнер,144120.32
2026-06-07,Аренда,Аренда офиса,161880.25
2026-04-11,Аренда,Аренда офиса,234544.25
2026-01-15,IT,CRM — подписка,64656.32
2026-02-25,Маркетинг,Контент для соцсетей,28904.43
2026-05-02,Маркетинг,Email-рассылка,98628.13
2026-03-24,Офис,Уборка офиса,23010.13
2026-06-04,Логистика,Экспресс-доставка,15935.12
2026-04-24,Зарплаты,Оклад — курьер,100277.56
2026-04-01,Логистика,Международная доставка,2684.33
2026-05-29,Офис,Вода и кофе,13287.96
2026-05-04,Офис,Уборка офиса,7055.97
2026-05-15,Логистика,Доставка Boxberry,33443.47
2026-05-27,Аренда,Коммунальные услуги склад,194324.85
2026-02-20,Зарплаты,Оклад — курьер,126098.51
2026-02-12,Закупка товара,Таможенные сборы,298895.55
2026-06-14,IT,Разработка сайта,57306.5
2026-02-08,Аренда,Аренда шоурума,119812.69
2026-01-14,Зарплаты,Больничный,130229.15
2026-06-03,Аренда,Аренда офиса,233968.29
2026-02-18,IT,Хостинг сайта,55986.56
2026-03-14,Маркетинг,Таргет ВКонтакте,143557.04
2026-05-26,Маркетинг,Яндекс.Директ,111227.81
2026-05-13,Аренда,Аренда офиса,135008.92
2026-05-08,Закупка товара,Сертификация товара,15952.28
2026-04-19,Зарплаты,Оклад — кладовщик,96914.37
2026-04-05,Офис,Уборка офиса,2882.2
2026-03-24,Маркетинг,Яндекс.Директ,147954.85
2026-06-14,Зарплаты,Оклад — кладовщик,178653.92
2026-05-11,Логистика,Транспортировка со склада,36515.11
2026-01-26,IT,Телефония,57673.5
2026-04-30,Закупка товара,Закупка — сезонная коллекция,168947.39
2026-05-23,IT,Хостинг сайта,61837.5
2026-02-14,Аренда,Аренда шоурума,155304.12
2026-01-05,Логистика,Возврат товара — доставка,43907.48
2026-06-04,Маркетинг,Email-рассылка,145639.5
2026-06-22,Закупка товара,Таможенные сборы,337803.35
2026-04-23,Логистика,Экспресс-доставка,26194.01
2026-05-06,Аренда,Аренда шоурума,113200.72
2026-05-20,Маркетинг,SEO-продвижение,68023.11
2026-02-19,Аренда,Парковка,18320.43
2026-04-14,Логистика,Экспресс-доставка,30715.55
2026-05-19,IT,1С — обслуживание,70103.93
2026-05-14,Закупка товара,Закупка — допартия,229315.41
2026-01-31,Маркетинг,Промо-акция,129764.21
2026-04-26,Аренда,Парковка,112342.9
2026-06-25,Аренда,Коммунальные услуги офис,39941.85
2026-03-17,Логистика,Курьерская служба,38994.23
2026-03-13,IT,1С — обслуживание,35012.47
2026-05-08,Офис,Новогодний корпоратив,5709.35
2026-02-12,Закупка товара,Сертификация товара,54636.17
2026-01-24,Маркетинг,Промо-акция,65424.31
2026-02-02,IT,Облачное хранилище,24731.07
2026-06-12,IT,Домен — продление,38172.39
2026-04-24,IT,Облачное хранилище,19069.87
2026-05-21,Зарплаты,Подработка — сезон,94804.93
2026-04-05,Зарплаты,Премия квартальная,161700.31
2026-06-29,Офис,Уборка офиса,8380.73
2026-02-06,Зарплаты,Оклад — маркетолог,77729.85
2026-01-31,Аренда,Аренда склада,183318.96
2026-04-04,Офис,Новогодний корпоратив,4861.3
2026-03-15,Аренда,Коммунальные услуги склад,178013.31
2026-06-21,Аренда,Коммунальные услуги офис,25767.63
2026-05-06,Закупка товара,Сертификация товара,169488.53
2026-06-10,Логистика,Доставка Почта России,1860.22
2026-01-10,IT,CRM — подписка,40130.96
2026-04-14,Зарплаты,Оклад — бухгалтер,122180.74
2026-06-03,Зарплаты,Больничный,32761.39
2026-06-28,Офис,Обеды для команды,16053.59
2026-06-02,Закупка товара,Закупка — допартия,198702.71
2026-04-11,Аренда,Коммунальные услуги офис,209920.93
2026-02-15,Логистика,Доставка Почта России,4037.56
2026-03-25,Зарплаты,Оклад — дизайнер,161396.07
2026-06-20,IT,Телефония,78263.7
2026-03-29,IT,Телефония,70830.6
2026-01-03,IT,CRM — подписка,15204.71
2026-04-24,Закупка товара,Закупка — новый поставщик,98580.59
2026-04-26,IT,Домен — продление,23035.33
2026-02-17,Аренда,Коммунальные услуги офис,38679.0
2026-02-27,Логистика,Курьерская служба,37892.04
2026-03-12,IT,1С — обслуживание,24075.1
2026-06-25,Офис,Уборка офиса,18622.93
2026-02-23,Аренда,Коммунальные услуги офис,141479.23
2026-02-08,Аренда,Парковка,248722.79
2026-06-12,Офис,Подарки сотрудникам,2204.84
2026-05-21,Маркетинг,Яндекс.Директ,42924.2
2026-04-10,Офис,Новогодний корпоратив,5007.42
2026-02-02,Маркетинг,Таргет ВКонтакте,49811.9
2026-05-10,Логистика,Доставка Почта России,10463.8
2026-01-07,Логистика,Курьерская служба,13312.57
2026-05-13,Аренда,Парковка,57397.94
2026-03-16,Логистика,Международная доставка,34412.03
2026-05-29,Офис,Новогодний корпоратив,2847.92
2026-01-20,Аренда,Коммунальные услуги склад,78909.63
2026-05-15,IT,Хостинг сайта,60654.62
2026-02-19,IT,Техподдержка,78826.6
2026-02-20,Закупка товара,Закупка — новый поставщик,300426.51
2026-04-10,Зарплаты,Оклад — бухгалтер,170605.72
2026-03-10,Логистика,Транспортировка со склада,19053.38
2026-02-26,Логистика,Доставка СДЭК,11081.95
2026-06-17,Зарплаты,Оклад — кладовщик,57810.12
2026-05-16,IT,Домен — продление,42515.03
2026-04-06,IT,1С — обслуживание,74376.82
2026-02-05,IT,Антивирус — лицензия,54165.23
2026-05-12,Зарплаты,Оклад — бухгалтер,142903.07
2026-06-21,Маркетинг,Контент для соцсетей,86337.75
2026-02-09,Зарплаты,Оклад — кладовщик,137240.83
2026-06-19,Маркетинг,Промо-акция,50107.33
2026-05-09,IT,1С — обслуживание,17844.1
2026-06-25,Зарплаты,Оклад — дизайнер,173901.54
2026-04-07,IT,Домен — продление,41816.37
2026-05-17,IT,Домен — продление,32470.41
2026-06-05,Аренда,Аренда офиса,20803.23
2026-05-15,Зарплаты,Подработка — сезон,122581.74
2026-05-08,Зарплаты,Подработка — сезон,45868.58
2026-04-15,Закупка товара,Закупка — поставщик РФ,211851.02
2026-05-10,Закупка товара,Сертификация товара,106739.72
2026-02-26,Аренда,Аренда склада,109383.03
2026-06-06,Аренда,Коммунальные услуги склад,56829.63
2026-01-26,Маркетинг,Реклама Telegram,134761.75
2026-01-25,Офис,Ремонт офиса,23646.82
2026-02-26,Логистика,Доставка Boxberry,12988.58
2026-05-10,Офис,Ремонт офиса,17850.0
2026-02-05,Логистика,Международная доставка,21298.22
2026-03-29,Аренда,Аренда шоурума,34072.3
2026-01-09,Офис,Вода и кофе,14967.07
2026-05-13,Офис,Ремонт офиса,5114.82
2026-02-01,IT,Техподдержка,37758.48
2026-06-07,Офис,Новогодний корпоратив,17928.45
2026-02-16,Закупка товара,Закупка — сезонная коллекция,103446.34
2026-05-22,IT,Телефония,73066.06
2026-05-29,Офис,Вода и кофе,18083.82
2026-06-29,Офис,Подарки сотрудникам,16035.63
2026-03-08,IT,Хостинг сайта,39075.64
2026-05-20,Логистика,Доставка по Москве,7844.18
2026-03-06,IT,Разработка сайта,73859.59
2026-04-12,Логистика,Доставка СДЭК,42731.66
2026-06-15,Зарплаты,Оклад — маркетолог,95528.74
2026-06-19,Закупка товара,Закупка — поставщик Китай,308085.6
2026-02-02,Закупка товара,Сертификация товара,56092.36
2026-05-07,IT,Антивирус — лицензия,48506.98
2026-01-03,IT,Облачное хранилище,23574.12
2026-02-28,Закупка товара,Закупка — сезонная коллекция,156765.05
2026-06-22,IT,Домен — продление,24806.52
2026-06-27,Маркетинг,Контент для соцсетей,25043.77
2026-04-13,Зарплаты,Оклад — менеджер,94255.92
2026-01-31,Закупка товара,Закупка — поставщик РФ,62630.97
2026-03-20,Аренда,Коммунальные услуги офис,247657.35
2026-04-02,Закупка товара,Закупка — образцы,66661.22
2026-02-27,Закупка товара,Закупка — расходники упаковка,46637.37
2026-06-14,Зарплаты,Больничный,161317.42
2026-04-02,Зарплаты,Премия квартальная,146752.04
2026-01-19,Закупка товара,Закупка — образцы,44493.46
2026-04-01,Аренда,Аренда офиса,22552.12
2026-03-27,Маркетинг,Дизайн баннеров,125212.59
2026-06-29,IT,Разработка сайта,17388.31
2026-03-16,IT,CRM — подписка,61368.71
2026-05-13,Маркетинг,SEO-продвижение,72216.86
2026-06-18,IT,Антивирус — лицензия,69696.82
2026-06-11,Закупка товара,Закупка — сезонная коллекция,203724.05
2026-05-11,Маркетинг,Email-рассылка,123363.94
2026-03-16,Зарплаты,Премия квартальная,103640.99
2026-06-13,Зарплаты,Оклад — бухгалтер,123315.42
2026-06-25,Зарплаты,Больничный,103091.35
2026-04-25,IT,1С — обслуживание,16241.27
2026-05-17,Закупка товара,Закупка — поставщик РФ,167206.53
2026-06-03,Логистика,Доставка Boxberry,11103.55
2026-03-22,IT,Домен — продление,29672.26
2026-05-25,Зарплаты,Больничный,119304.07
2026-04-24,Логистика,Доставка по Москве,39119.32
2026-04-14,Логистика,Международная доставка,36579.93
2026-02-11,Офис,Ремонт офиса,7395.5
2026-02-10,Зарплаты,Оклад — курьер,95315.1
2026-06-17,Аренда,Парковка,187177.6
2026-04-04,Офис,Канцелярия,9571.28
2026-06-01,Аренда,Парковка,178942.24
2026-01-04,Аренда,Аренда шоурума,56609.12
2026-03-04,Офис,Обеды для команды,24210.2
2026-01-21,Логистика,Возврат товара — доставка,21495.29
2026-04-05,Логистика,Доставка по Москве,17928.7
2026-03-15,Офис,Подарки сотрудникам,20190.29
2026-05-09,Логистика,Возврат товара — доставка,40432.15
2026-06-09,Маркетинг,Email-рассылка,127082.96
2026-01-03,Логистика,Международная доставка,7234.83
2026-03-26,Аренда,Коммунальные услуги офис,103519.64
2026-02-18,Логистика,Доставка по Москве,37541.57
2026-05-27,Аренда,Коммунальные услуги офис,123923.1
2026-03-07,Аренда,Аренда склада,104652.9
2026-03-01,Маркетинг,Таргет ВКонтакте,41124.85
2026-02-21,Закупка товара,Закупка — новый поставщик,60152.85
2026-03-01,Аренда,Аренда склада,243129.93
2026-03-22,Логистика,Курьерская служба,15988.25
2026-04-19,Зарплаты,Оклад — кладовщик,47715.75
2026-03-11,Зарплаты,Подработка — сезон,47648.63
2026-05-21,Логистика,Доставка СДЭК,12058.5
2026-05-13,Логистика,Транспортировка со склада,38395.09
2026-01-20,Закупка товара,Таможенные сборы,98527.79
2026-05-22,Офис,Мебель,13141.85
2026-04-07,Логистика,Транспортировка со склада,6849.86
2026-06-18,IT,Техподдержка,51639.96
2026-06-02,Аренда,Коммунальные услуги офис,195716.33
2026-06-30,IT,Облачное хранилище,32918.0
2026-04-27,Аренда,Коммунальные услуги склад,20854.35
2026-04-21,Закупка товара,Сертификация товара,36078.62
2026-04-26,Аренда,Аренда офиса,58968.17
2026-05-08,Офис,Подарки сотрудникам,22037.08
2026-02-02,IT,Телефония,10720.58
2026-02-14,Логистика,Экспресс-доставка,38783.65
2026-05-31,Офис,Уборка офиса,22690.26
2026-02-19,Закупка товара,Закупка — поставщик РФ,188058.66
2026-06-17,Аренда,Коммунальные услуги офис,87003.71
2026-05-17,Логистика,Транспортировка со склада,33375.56
2026-02-26,IT,Разработка сайта,63373.27
2026-05-22,Аренда,Аренда офиса,164238.42
2026-03-30,Аренда,Коммунальные услуги офис,200312.03
2026-04-11,Логистика,Транспортировка со склада,35697.79
2026-04-05,Маркетинг,Промо-акция,7332.16
2026-04-28,Логистика,Международная доставка,8559.27
2026-01-23,Офис,Подарки сотрудникам,9305.79
2026-04-06,Маркетинг,SEO-продвижение,145699.15
2026-02-13,Зарплаты,Оклад — дизайнер,120861.3
2026-05-24,Закупка товара,Закупка — расходники упаковка,291892.88
2026-03-07,Зарплаты,Больничный,79482.03
2026-03-24,Аренда,Парковка,142552.34
2026-05-09,Закупка товара,Закупка — поставщик РФ,223566.18
2026-04-13,Офис,Подарки сотрудникам,22290.23
2026-05-14,Закупка товара,Закупка — образцы,255466.42
2026-06-24,Аренда,Аренда офиса,237572.76
2026-04-18,Зарплаты,Премия квартальная,76954.65
2026-01-17,Аренда,Аренда офиса,15133.24
2026-02-06,Маркетинг,Яндекс.Директ,95886.31
2026-01-21,Аренда,Аренда офиса,64601.07
2026-04-13,Зарплаты,Оклад — курьер,79927.0
2026-05-09,IT,Облачное хранилище,27664.86
2026-01-23,Аренда,Аренда шоурума,166786.01
2026-03-18,Аренда,Аренда склада,81467.16
2026-03-13,Закупка товара,Закупка — поставщик Китай,231530.46
2026-06-15,Логистика,Курьерская служба,23280.73
2026-06-12,Закупка товара,Закупка — допартия,116417.84
2026-05-05,Аренда,Аренда склада,87381.74
2026-05-03,Закупка товара,Закупка — новый поставщик,159414.81
2026-01-29,Офис,Ремонт офиса,15835.08
2026-06-13,Зарплаты,Подработка — сезон,98780.79
2026-03-03,Маркетинг,Таргет ВКонтакте,38682.84
2026-03-30,Аренда,Аренда офиса,190849.7
2026-01-23,Аренда,Коммунальные услуги офис,61998.66
2026-01-02,Зарплаты,Оклад — маркетолог,48599.66
2026-01-09,Зарплаты,Оклад — менеджер,130263.2
2026-01-31,Закупка товара,Таможенные сборы,126425.1
2026-05-09,Закупка товара,Закупка — допартия,126510.13
2026-04-22,Логистика,Курьерская служба,4454.73
2026-04-17,Маркетинг,Блогер — интеграция,101428.01
2026-04-19,IT,Облачное хранилище,44161.91
2026-06-19,Логистика,Доставка по Москве,1519.08
2026-02-28,Закупка товара,Закупка — образцы,13923.39
2026-04-12,IT,Антивирус — лицензия,28897.09
2026-05-10,Закупка товара,Сертификация товара,180028.06
2026-06-26,IT,CRM — подписка,3884.27
2026-01-18,Зарплаты,Премия квартальная,153848.68
2026-04-30,Логистика,Доставка Boxberry,3846.55
2026-02-12,Офис,Подарки сотрудникам,8450.58
2026-01-31,Логистика,Доставка Почта России,3396.67
2026-04-03,Закупка товара,Закупка — поставщик Китай,281089.7
2026-02-16,Маркетинг,Email-рассылка,8493.45
2026-06-08,Логистика,Экспресс-доставка,39536.56
2026-02-21,Офис,Уборка офиса,19035.83
2026-01-11,Логистика,Экспресс-доставка,3277.61
2026-04-27,Аренда,Парковка,81438.82
2026-01-29,Зарплаты,Подработка — сезон,166152.84
2026-04-21,Офис,Вода и кофе,21002.91
2026-03-28,IT,CRM — подписка,51605.87
2026-02-21,Офис,Обеды для команды,3662.87
2026-06-26,Закупка товара,Закупка — образцы,279880.41
2026-06-20,Закупка товара,Закупка — сезонная коллекция,71184.83
2026-04-01,Аренда,Аренда офиса,86964.61
2026-04-22,Маркетинг,Реклама Telegram,110388.1
2026-03-17,Закупка товара,Закупка — расходники упаковка,299780.22
2026-06-17,Маркетинг,Яндекс.Директ,59320.94
2026-06-19,Маркетинг,Блогер — интеграция,45596.16
2026-01-05,IT,Телефония,69278.3
2026-06-04,Зарплаты,Подработка — сезон,124413.79
2026-03-10,Закупка товара,Закупка — расходники упаковка,29342.53
2026-03-14,Зарплаты,Подработка — сезон,48890.38
2026-01-20,Офис,Вода и кофе,10724.98
2026-04-11,Зарплаты,Оклад — менеджер,166017.31
2026-02-21,Аренда,Аренда офиса,43901.12
2026-02-12,Логистика,Курьерская служба,24532.73
2026-05-16,Аренда,Парковка,108737.52
2026-04-10,Аренда,Аренда шоурума,230715.15
2026-04-19,Закупка товара,Закупка — допартия,257846.29
2026-03-28,Зарплаты,Оклад — курьер,96845.16
2026-06-11,Маркетинг,Яндекс.Директ,21738.89
2026-05-05,Зарплаты,Больничный,145088.88
2026-02-28,Офис,Уборка офиса,12203.66
2026-02-14,Закупка товара,Закупка — новый поставщик,182000.58
2026-03-10,Закупка товара,Закупка — новый поставщик,305642.63
2026-02-25,Логистика,Доставка Почта России,1409.67
2026-05-12,IT,Хостинг сайта,38288.32
2026-04-05,Закупка товара,Закупка — сезонная коллекция,42889.42
2026-02-05,Аренда,Коммунальные услуги склад,183067.85
2026-06-01,Закупка товара,Закупка — новый поставщик,118905.27
2026-05-25,Закупка товара,Закупка — поставщик РФ,324100.22
2026-05-26,IT,Облачное хранилище,56265.37
2026-03-29,Зарплаты,Оклад — бухгалтер,35912.42
2026-06-30,Логистика,Доставка Boxberry,18122.72
2026-05-24,Логистика,Доставка Boxberry,3061.17
2026-02-27,IT,1С — обслуживание,60500.71
2026-05-02,Аренда,Парковка,139393.37
2026-01-26,Закупка товара,Закупка — поставщик РФ,28246.83
2026-04-06,Маркетинг,SEO-продвижение,50216.78
2026-01-28,Зарплаты,Оклад — менеджер,79772.26
2026-03-25,Логистика,Доставка Почта России,23094.25
2026-02-09,Офис,Подарки сотрудникам,14889.84
2026-03-24,IT,Хостинг сайта,51846.06
2026-01-02,Закупка товара,Закупка — расходники упаковка,206323.85
2026-02-01,Закупка товара,Сертификация товара,118727.86
2026-06-10,Логистика,Экспресс-доставка,41943.52
2026-02-03,IT,Техподдержка,32108.02
2026-02-20,Закупка товара,Закупка — допартия,265462.98
2026-01-08,Офис,Новогодний корпоратив,11604.91
2026-04-27,IT,1С — обслуживание,40486.78
2026-02-05,Зарплаты,Оклад — дизайнер,47145.1
2026-01-02,Логистика,Международная доставка,13969.88
2026-02-24,Аренда,Аренда шоурума,76153.74
2026-05-01,Зарплаты,Подработка — сезон,145120.71
2026-02-13,Закупка товара,Закупка — расходники упаковка,33293.06
2026-06-16,Маркетинг,Контент для соцсетей,41175.67
2026-01-28,Маркетинг,Контент для соцсетей,101681.8
2026-06-06,Зарплаты,Подработка — сезон,116611.09
2026-05-19,Аренда,Аренда склада,125522.11
2026-04-29,Маркетинг,Таргет ВКонтакте,96039.78
2026-04-05,Маркетинг,Контент для соцсетей,136284.58
2026-03-19,Зарплаты,Премия квартальная,58822.4
2026-03-28,Аренда,Парковка,129078.55
2026-01-28,Маркетинг,Email-рассылка,22917.06
2026-04-20,Аренда,Аренда шоурума,20564.56
2026-02-09,Маркетинг,SEO-продвижение,149996.54
2026-06-17,Зарплаты,Оклад — менеджер,91855.12
2026-02-22,Зарплаты,Оклад — бухгалтер,89008.82
2026-06-11,Зарплаты,Оклад — дизайнер,36482.74
2026-04-20,Аренда,Коммунальные услуги склад,34414.5
2026-03-29,Зарплаты,Больничный,82471.69
2026-02-24,Логистика,Курьерская служба,20252.39
2026-06-22,Зарплаты,Больничный,164193.3
2026-01-01,Офис,Обеды для команды,5628.01
2026-05-23,IT,Техподдержка,26084.65
2026-04-04,Зарплаты,Оклад — кладовщик,48915.84
2026-01-11,Маркетинг,Контент для соцсетей,54028.95
2026-06-17,Офис,Уборка офиса,10544.48
2026-04-11,Маркетинг,Промо-акция,5991.03
2026-01-28,IT,Разработка сайта,74867.57
2026-03-29,Закупка товара,Закупка — расходники упаковка,99390.58
2026-05-07,Закупка товара,Закупка — поставщик Китай,140027.76
2026-04-01,IT,Разработка сайта,74300.27
2026-03-22,IT,Телефония,74766.37
2026-06-27,Офис,Подарки сотрудникам,9189.96
2026-04-26,Маркетинг,Дизайн баннеров,97712.47
2026-06-10,Закупка товара,Закупка — расходники упаковка,95815.95
2026-02-15,Закупка товара,Таможенные сборы,346451.1
2026-05-22,Логистика,Возврат товара — доставка,40449.36
2026-04-09,IT,Техподдержка,79647.23
2026-03-09,Аренда,Коммунальные услуги офис,209953.46
2026-06-12,Аренда,Парковка,52201.07
2026-04-25,IT,Домен — продление,60077.32
2026-05-10,Офис,Вода и кофе,8514.34
2026-04-16,Закупка товара,Таможенные сборы,143281.68
2026-06-21,Аренда,Аренда офиса,182531.19
2026-05-24,Зарплаты,Подработка — сезон,135298.49
2026-06-26,Зарплаты,Оклад — маркетолог,168981.59
2026-01-16,Маркетинг,Реклама Telegram,45660.0
2026-06-17,Аренда,Коммунальные услуги склад,77072.11
2026-04-19,Зарплаты,Больничный,59989.84
2026-01-31,Маркетинг,Таргет ВКонтакте,70294.29
2026-02-17,Зарплаты,Оклад — бухгалтер,48410.99
2026-04-21,Логистика,Экспресс-доставка,32193.3
2026-04-02,Офис,Канцелярия,15096.58
2026-02-15,Логистика,Транспортировка со склада,39943.0
2026-03-07,Маркетинг,SEO-продвижение,99984.08
2026-05-19,Маркетинг,Промо-акция,90043.99
2026-04-04,IT,Хостинг сайта,78353.76
2026-01-07,Зарплаты,Оклад — курьер,71425.28
2026-01-23,Маркетинг,Блогер — интеграция,82976.14
2026-06-08,Логистика,Доставка СДЭК,11542.74
2026-04-26,IT,Облачное хранилище,23616.39
2026-01-08,IT,Хостинг сайта,69167.98
2026-03-15,Аренда,Коммунальные услуги склад,33208.59
2026-01-17,IT,Облачное хранилище,10012.88
2026-05-13,IT,Домен — продление,65948.94
2026-05-31,Офис,Новогодний корпоратив,5969.31
2026-02-26,Закупка товара,Закупка — образцы,21934.54
2026-01-11,Аренда,Аренда офиса,239075.71
2026-04-11,Маркетинг,Блогер — интеграция,137103.52
2026-01-25,Офис,Вода и кофе,5903.91
2026-06-10,IT,Домен — продление,13343.26
2026-03-18,Маркетинг,Яндекс.Директ,107568.49
2026-05-16,Маркетинг,Яндекс.Директ,44505.97
2026-01-22,Логистика,Экспресс-доставка,6924.57
2026-05-22,Аренда,Парковка,55956.86
2026-06-01,Зарплаты,Премия квартальная,148431.1
2026-01-31,Маркетинг,SEO-продвижение,144387.48
2026-01-13,Офис,Подарки сотрудникам,6550.73
2026-04-24,IT,Техподдержка,7920.29
2026-02-11,Маркетинг,Реклама Telegram,73177.95
2026-03-15,Офис,Подарки сотрудникам,3224.08
2026-01-24,IT,Техподдержка,20892.84
2026-01-04,Офис,Вода и кофе,13443.02
2026-02-23,Логистика,Доставка Boxberry,1923.74
2026-04-19,IT,Разработка сайта,62996.97
2026-04-19,Зарплаты,Больничный,160409.14
2026-02-21,Офис,Ремонт офиса,18112.34
2026-01-30,Закупка товара,Закупка — новый поставщик,69645.72
2026-04-12,Логистика,Транспортировка со склада,26747.0
2026-02-13,Логистика,Международная доставка,19625.25
2026-06-24,Офис,Вода и кофе,11524.38
2026-03-02,IT,1С — обслуживание,56544.37
2026-04-26,Логистика,Курьерская служба,5470.07
2026-05-10,IT,Антивирус — лицензия,27850.14
2026-02-26,Логистика,Экспресс-доставка,11680.94
2026-05-10,Зарплаты,Оклад — кладовщик,115019.45
2026-06-05,Зарплаты,Оклад — маркетолог,68422.1
2026-01-12,Логистика,Доставка СДЭК,12278.2
2026-04-12,Аренда,Аренда склада,201984.31
2026-05-27,Логистика,Доставка СДЭК,7960.19
2026-03-13,Аренда,Аренда шоурума,218122.94
2026-01-13,Маркетинг,Email-рассылка,2333.06
2026-05-10,Аренда,Аренда шоурума,39346.13
2026-01-28,Офис,Новогодний корпоратив,16053.38
2026-04-13,IT,Разработка сайта,76364.57
2026-01-10,Аренда,Парковка,122309.33
2026-06-09,Аренда,Аренда склада,56650.34
2026-03-26,Логистика,Доставка Boxberry,43533.05
2026-03-23,Зарплаты,Оклад — кладовщик,66739.57
2026-01-09,Офис,Вода и кофе,3596.75
2026-04-28,Маркетинг,Дизайн баннеров,71312.31
2026-06-13,Маркетинг,Email-рассылка,68452.65
2026-04-15,Закупка товара,Закупка — новый поставщик,35514.66
2026-01-19,Маркетинг,SEO-продвижение,112242.26
2026-04-06,Офис,Мебель,20168.94
2026-02-06,Маркетинг,Реклама Telegram,136444.89
2026-05-22,Логистика,Доставка СДЭК,12526.77
2026-02-24,Логистика,Международная доставка,4851.97
2026-03-12,Логистика,Экспресс-доставка,31944.82
2026-04-16,Закупка товара,Таможенные сборы,79711.6
2026-05-31,IT,Техподдержка,33704.95
2026-01-19,Маркетинг,Таргет ВКонтакте,22087.81
2026-06-20,Маркетинг,Email-рассылка,54270.37
2026-05-26,Аренда,Аренда шоурума,184575.05
2026-02-17,Маркетинг,Дизайн баннеров,33777.98
2026-05-26,Аренда,Аренда склада,64580.97
2026-02-25,Зарплаты,Оклад — кладовщик,40031.87
2026-06-06,Офис,Ремонт офиса,5614.49
2026-04-05,Аренда,Аренда офиса,35929.4
2026-04-15,Зарплаты,Оклад — бухгалтер,152384.99
2026-04-15,IT,1С — обслуживание,12894.74
2026-04-25,Офис,Подарки сотрудникам,1524.08
2026-05-15,Маркетинг,Таргет ВКонтакте,4089.01
2026-01-24,Аренда,Парковка,169496.19
2026-03-01,Офис,Вода и кофе,3582.77
2026-06-25,Аренда,Аренда склада,125638.16
2026-06-08,Аренда,Коммунальные услуги склад,128128.84
2026-01-03,Логистика,Курьерская служба,30820.77
2026-02-11,Маркетинг,Реклама Telegram,115786.21
2026-02-28,Закупка товара,Закупка — образцы,25998.46
2026-02-13,Маркетинг,Блогер — интеграция,75285.41
2026-03-09,IT,Домен — продление,35043.29
2026-03-10,Логистика,Экспресс-доставка,36788.88
2026-05-02,Зарплаты,Оклад — курьер,138298.0
2026-04-13,IT,Техподдержка,17038.64
2026-04-20,Логистика,Доставка СДЭК,10755.16
2026-02-22,Логистика,Доставка Boxberry,22480.47
2026-01-06,Маркетинг,Блогер — интеграция,51922.65
2026-03-24,Маркетинг,Email-рассылка,10998.88
2026-03-22,Аренда,Аренда шоурума,49084.32
2026-05-21,Закупка товара,Сертификация товара,152225.56
2026-01-28,Закупка товара,Закупка — образцы,107974.19
2026-03-22,Маркетинг,Промо-акция,56308.59
2026-03-20,Логистика,Доставка Boxberry,9643.33
2026-05-17,Логистика,Экспресс-доставка,38473.49
2026-05-19,Закупка товара,Закупка — допартия,112359.94
2026-05-30,Офис,Обеды для команды,21519.09
2026-03-02,Закупка товара,Закупка — поставщик Китай,339303.71
2026-05-24,Логистика,Доставка Почта России,25092.0
2026-01-29,Маркетинг,Реклама Telegram,4053.64
2026-05-18,Логистика,Экспресс-доставка,3606.62
2026-05-18,Закупка товара,Сертификация товара,174947.49
2026-02-06,Зарплаты,Оклад — дизайнер,173983.68
2026-06-05,Зарплаты,Подработка — сезон,79860.0
2026-06-16,Логистика,Доставка Boxberry,29130.71
2026-03-26,Офис,Ремонт офиса,10801.58
2026-01-30,IT,Хостинг сайта,4810.57
2026-02-26,Закупка товара,Закупка — расходники упаковка,206283.85
2026-04-06,Аренда,Коммунальные услуги офис,90760.74
2026-06-29,Аренда,Аренда шоурума,221875.2
2026-05-27,Закупка товара,Закупка — сезонная коллекция,30099.88
2026-04-12,Закупка товара,Закупка — поставщик Китай,215645.45
2026-05-02,Офис,Канцелярия,9668.79
2026-04-02,IT,Облачное хранилище,39757.67
2026-06-12,IT,Хостинг сайта,26189.81
2026-02-27,Маркетинг,Реклама Telegram,49753.79
2026-04-12,Закупка товара,Закупка — поставщик Китай,14095.9
2026-05-22,Закупка товара,Закупка — допартия,166255.01
2026-02-11,Закупка товара,Сертификация товара,102052.39
2026-04-03,Логистика,Экспресс-доставка,26795.73
2026-04-18,Аренда,Парковка,195876.33
2026-06-26,Зарплаты,Оклад — бухгалтер,101242.41
2026-02-18,Зарплаты,Оклад — курьер,83455.42
2026-03-30,Зарплаты,Подработка — сезон,30047.21
2026-05-31,Зарплаты,Оклад — кладовщик,115465.48
2026-02-11,Закупка товара,Сертификация товара,125667.17
2026-01-27,Офис,Канцелярия,8398.12
2026-05-21,Аренда,Аренда офиса,211216.33
2026-06-10,Закупка товара,Закупка — поставщик РФ,82706.28
2026-06-12,Маркетинг,Контент для соцсетей,124837.56
2026-01-26,Закупка товара,Закупка — поставщик Китай,215322.66
2026-05-23,Зарплаты,Оклад — бухгалтер,82383.01
2026-04-12,Зарплаты,Премия квартальная,137108.41
2026-05-30,Офис,Ремонт офиса,9208.71
2026-03-11,Офис,Ремонт офиса,17643.48
2026-03-08,Маркетинг,Таргет ВКонтакте,137066.16
2026-06-19,Офис,Канцелярия,7877.35
2026-04-19,Офис,Канцелярия,16447.21
2026-01-27,Маркетинг,Блогер — интеграция,109052.81
2026-02-05,Аренда,Парковка,55029.58
2026-06-29,Закупка товара,Закупка — образцы,59300.94
2026-01-02,Зарплаты,Больничный,28936.34
2026-02-09,Офис,Ремонт офиса,20484.49
2026-06-18,Офис,Подарки сотрудникам,19374.59
2026-02-12,Закупка товара,Закупка — поставщик Китай,61588.96
2026-05-21,Логистика,Доставка СДЭК,11616.32
2026-03-25,Офис,Уборка офиса,1943.39
2026-06-10,Закупка товара,Закупка — поставщик Китай,271913.03
2026-04-10,Маркетинг,Промо-акция,11025.59
2026-02-23,Офис,Новогодний корпоратив,10670.63
2026-04-20,Аренда,Коммунальные услуги склад,49767.3
2026-01-24,Аренда,Коммунальные услуги офис,15581.18
2026-05-02,Зарплаты,Оклад — бухгалтер,140266.59
2026-05-21,Зарплаты,Оклад — курьер,49539.03
2026-01-30,Зарплаты,Оклад — кладовщик,179758.74
2026-01-04,Закупка товара,Закупка — расходники упаковка,257077.38
2026-01-24,Зарплаты,Оклад — бухгалтер,67133.28
2026-04-05,Логистика,Доставка по Москве,32209.2
2026-02-18,Маркетинг,Промо-акция,30690.72
2026-01-10,Маркетинг,SEO-продвижение,138872.74
2026-05-18,Аренда,Аренда склада,186486.97
2026-03-27,Логистика,Доставка СДЭК,6857.01
2026-06-18,Логистика,Курьерская служба,7062.53
2026-06-09,Маркетинг,Контент для соцсетей,56276.38
2026-03-23,Закупка товара,Таможенные сборы,46365.99
2026-02-24,Аренда,Коммунальные услуги офис,204420.23
2026-02-02,IT,Хостинг сайта,76293.87
2026-06-13,Зарплаты,Премия квартальная,141525.4
2026-05-14,Аренда,Аренда шоурума,122142.68
2026-04-21,Логистика,Международная доставка,14317.31
2026-06-13,Зарплаты,Оклад — маркетолог,167592.81
2026-05-06,Аренда,Аренда склада,238632.66
2026-05-25,Зарплаты,Оклад — бухгалтер,52767.5
2026-05-23,Зарплаты,Оклад — бухгалтер,155050.12
2026-02-14,IT,Техподдержка,72400.09
2026-06-05,Аренда,Коммунальные услуги склад,108490.12
2026-01-21,Маркетинг,Яндекс.Директ,144195.28
2026-05-29,Маркетинг,Дизайн баннеров,41781.44
2026-06-25,Зарплаты,Оклад — курьер,173288.81
2026-02-13,Закупка товара,Закупка — допартия,268011.17
2026-01-20,Закупка товара,Таможенные сборы,44047.98
2026-03-03,Логистика,Экспресс-доставка,16574.12
2026-06-15,Закупка товара,Закупка — расходники упаковка,243260.22
2026-06-22,Логистика,Экспресс-доставка,29570.73
2026-01-26,IT,Антивирус — лицензия,9369.62
2026-01-23,Офис,Обеды для команды,21569.08
2026-02-15,Офис,Мебель,14465.68
2026-04-11,Закупка товара,Таможенные сборы,114103.48
2026-05-09,IT,Разработка сайта,11576.62
2026-03-30,Офис,Канцелярия,4513.9
2026-03-10,Закупка товара,Закупка — поставщик РФ,91799.56
2026-05-08,Зарплаты,Премия квартальная,143969.5
2026-05-13,Зарплаты,Оклад — бухгалтер,52068.81
2026-01-15,Логистика,Доставка Boxberry,4268.7
2026-01-08,IT,Техподдержка,27160.84
2026-03-11,Маркетинг,Яндекс.Директ,66213.26
2026-04-10,Маркетинг,Email-рассылка,103159.47
2026-05-03,Офис,Подарки сотрудникам,9531.68
2026-06-18,Аренда,Коммунальные услуги офис,175110.31
2026-06-21,IT,CRM — подписка,22871.45
2026-06-11,Логистика,Доставка Почта России,26054.42
2026-02-01,Аренда,Коммунальные услуги офис,89042.35
2026-04-18,Зарплаты,Больничный,77672.45
2026-05-01,Аренда,Аренда склада,173586.59
2026-05-08,IT,Техподдержка,51829.2
2026-03-31,Закупка товара,Закупка — поставщик РФ,76269.2
2026-01-21,Зарплаты,Оклад — менеджер,67475.66
2026-04-23,Логистика,Доставка по Москве,32392.58
2026-02-20,Зарплаты,Оклад — бухгалтер,61618.01
2026-02-04,Аренда,Коммунальные услуги офис,126372.69
2026-04-04,Маркетинг,Контент для соцсетей,142652.56
2026-04-15,IT,Антивирус — лицензия,5369.29
2026-01-04,Логистика,Доставка по Москве,41041.52
2026-03-26,Офис,Подарки сотрудникам,1450.17
2026-05-02,Аренда,Аренда офиса,176402.94
2026-01-19,Закупка товара,Сертификация товара,89954.81
2026-02-13,Маркетинг,Яндекс.Директ,89274.54
2026-01-27,Аренда,Аренда офиса,74952.28
2026-05-12,Аренда,Аренда шоурума,121564.05
2026-05-10,Закупка товара,Закупка — сезонная коллекция,203733.44
2026-05-07,Маркетинг,SEO-продвижение,125831.13
2026-01-19,IT,1С — обслуживание,13849.86
2026-06-18,Офис,Ремонт офиса,6429.52
2026-05-07,Офис,Обеды для команды,18559.32
2026-01-18,Логистика,Экспресс-доставка,5639.05
2026-05-01,Офис,Уборка офиса,19091.61
2026-01-14,Логистика,Доставка СДЭК,17634.47
2026-03-31,Офис,Новогодний корпоратив,18647.27
2026-02-23,Логистика,Доставка Почта России,25591.14
2026-02-26,Маркетинг,Реклама Telegram,126321.9
2026-02-27,Аренда,Коммунальные услуги склад,124288.62
2026-04-13,Офис,Подарки сотрудникам,23301.78
2026-02-14,Офис,Обеды для команды,9559.29
2026-02-12,Зарплаты,Оклад — дизайнер,138550.6
2026-02-24,Логистика,Доставка по Москве,29241.68
2026-03-09,Офис,Ремонт офиса,20954.37
2026-05-27,Закупка товара,Закупка — поставщик Китай,160158.13
2026-06-20,IT,Антивирус — лицензия,54254.31
2026-06-08,Закупка товара,Закупка — поставщик Китай,226290.85
2026-03-09,IT,Телефония,36283.76
2026-06-01,IT,Разработка сайта,73575.92
2026-06-04,Аренда,Коммунальные услуги склад,246541.87
2026-05-28,IT,CRM — подписка,26289.19
2026-06-13,IT,1С — обслуживание,76088.63
2026-02-15,Офис,Подарки сотрудникам,20251.11
2026-01-25,Маркетинг,Промо-акция,87685.85
2026-04-11,IT,Домен — продление,20021.06
2026-06-25,Логистика,Доставка СДЭК,17873.76
2026-05-05,Закупка товара,Закупка — поставщик РФ,34550.44
2026-05-04,Закупка товара,Закупка — сезонная коллекция,70623.03
2026-04-09,Зарплаты,Оклад — курьер,140212.69
2026-06-09,Аренда,Коммунальные услуги офис,150158.53
2026-03-31,Закупка товара,Закупка — новый поставщик,80579.64
2026-04-19,IT,1С — обслуживание,43465.31
2026-01-26,Офис,Канцелярия,22811.22
